ZFS APPLIANCE,POOL,PATH,SHARE,PROJECT,NFS EXPORT
BO1ZFSDBAAS-M203Y,Pool-01,/export/ASAP119P/backup1,ASAP119P,backup1,192.168.8.0/22
BO1ZFSDBAAS-M203Y,Pool-01,/export/BDATA/backup1,BDATA,backup1,192.168.8.0/22
BO1ZFSDBAAS-M203Y,Pool-01,/export/CARMINE/backup1,CARMINE,backup1,192.168.8.0/22
BO1ZFSDBAAS-M203Y,Pool-01,/export/CCSTOP/backup1,CCSTOP,backup1,192.168.8.0/22
BO1ZFSDBAAS-M203Y,Pool-01,/export/CLOUDESE/backup1,CLOUDESE,backup1,192.168.8.0/22
BO1ZFSDBAAS-M203Y,Pool-01,/export/CRPM/backup1,CRPM,backup1,192.168.8.0/22
BO1ZFSDBAAS-M203Y,Pool-01,/export/DB2VL/backup1,DB2VL,backup1,192.168.8.0/22
BO1ZFSDBAAS-M203Y,Pool-01,/export/DBEELOGS/backup1,DBEELOGS,backup1,192.168.8.0/22
BO1ZFSDBAAS-M203Y,Pool-01,/export/DMASKAUT/backup1,DMASKAUT,backup1,192.168.8.0/22
BO1ZFSDBAAS-M203Y,Pool-01,/export/DMASKESE/backup1,DMASKESE,backup1,192.168.8.0/22
BO1ZFSDBAAS-M203Y,Pool-01,/export/DOM0_EQ2A/p4xd1dbvadm01_bck,DOM0_EQ2A,p4xd1dbvadm01_bck,192.168.10.131/32:
BO1ZFSDBAAS-M203Y,Pool-01,/export/DOM0_EQ2A/p4xd1dbvadm02_bck,DOM0_EQ2A,p4xd1dbvadm02_bck,192.168.10.131/32:
BO1ZFSDBAAS-M203Y,Pool-01,/export/DOM0_P4XD1/p4xd1dbvadm03_bck,DOM0_P4XD1,p4xd1dbvadm03_bck,192.168.10.30/32:
BO1ZFSDBAAS-M203Y,Pool-01,/export/DOM0_P4XD1/p4xd1dbvadm04_bck,DOM0_P4XD1,p4xd1dbvadm04_bck,192.168.10.32/32:
BO1ZFSDBAAS-M203Y,Pool-01,/export/DOM0_P4XD1/p4xd1dbvadm05_bck,DOM0_P4XD1,p4xd1dbvadm05_bck,192.168.10.34/32:
BO1ZFSDBAAS-M203Y,Pool-01,/export/DOM0_P4XD1/p4xd1dbvadm06_bck,DOM0_P4XD1,p4xd1dbvadm06_bck,192.168.10.36/32:
BO1ZFSDBAAS-M203Y,Pool-01,/export/DWIECT/backup1,DWIECT,backup1,192.168.8.0/22
BO1ZFSDBAAS-M203Y,Pool-01,/export/DWIEPC/backup1,DWIEPC,backup1,192.168.8.0/22
BO1ZFSDBAAS-M203Y,Pool-01,/export/DWOPERA/backup1,DWOPERA,backup1,192.168.8.0/22
BO1ZFSDBAAS-M203Y,Pool-01,/export/EBAMDM1/backup1,EBAMDM1,backup1,192.168.8.0/22
BO1ZFSDBAAS-M203Y,Pool-01,/export/EBPF/backup1,EBPF,backup1,192.168.8.0/22
BO1ZFSDBAAS-M203Y,Pool-01,/export/EBPFAES/backup1,EBPFAES,backup1,192.168.8.0/22
BO1ZFSDBAAS-M203Y,Pool-01,/export/EBPF_C3/EBPF_ZFS4,EBPF_C3,EBPF_ZFS4,192.168.10.58/32:
BO1ZFSDBAAS-M203Y,Pool-01,/export/EBPF_C3/EBPF_ZFS5,EBPF_C3,EBPF_ZFS5,192.168.10.58/32:
BO1ZFSDBAAS-M203Y,Pool-01,/export/EBPF_C3/EBPF_ZFS6,EBPF_C3,EBPF_ZFS6,192.168.10.58/32:
BO1ZFSDBAAS-M203Y,Pool-01,/export/EBPMAPP/backup1,EBPMAPP,backup1,192.168.8.0/22
BO1ZFSDBAAS-M203Y,Pool-01,/export/EBPMSYS/backup1,EBPMSYS,backup1,192.168.8.0/22
BO1ZFSDBAAS-M203Y,Pool-01,/export/EFESB01/backup1,EFESB01,backup1,192.168.8.0/22
BO1ZFSDBAAS-M203Y,Pool-01,/export/FASDBASE/backup1,FASDBASE,backup1,192.168.8.0/22
BO1ZFSDBAAS-M203Y,Pool-01,/export/GCVES/backup1,GCVES,backup1,192.168.8.0/22
BO1ZFSDBAAS-M203Y,Pool-01,/export/GEBPES/backup1,GEBPES,backup1,192.168.8.0/22
BO1ZFSDBAAS-M203Y,Pool-01,/export/GESSGLES/backup1,GESSGLES,backup1,192.168.8.0/22
BO1ZFSDBAAS-M203Y,Pool-01,/export/GIAPVES/backup1,GIAPVES,backup1,192.168.8.0/22
BO1ZFSDBAAS-M203Y,Pool-01,/export/GRDB/backup1,GRDB,backup1,192.168.8.0/22
BO1ZFSDBAAS-M203Y,Pool-01,/export/GUPDB/backup1,GUPDB,backup1,192.168.8.0/22
BO1ZFSDBAAS-M203Y,Pool-01,/export/ITSM/backup1,ITSM,backup1,192.168.8.0/22
BO1ZFSDBAAS-M203Y,Pool-01,/export/JIVE/backup1,JIVE,backup1,192.168.8.0/22
BO1ZFSDBAAS-M203Y,Pool-01,/export/LIMA/backup1,LIMA,backup1,192.168.8.0/22
BO1ZFSDBAAS-M203Y,Pool-01,/export/LIMADISC/backup1,LIMADISC,backup1,192.168.8.0/22
BO1ZFSDBAAS-M203Y,Pool-01,/export/MDB/backup1,MDB,backup1,192.168.8.0/22
BO1ZFSDBAAS-M203Y,Pool-01,/export/MIDAES/backup1,MIDAES,backup1,192.168.8.0/22
BO1ZFSDBAAS-M203Y,Pool-01,/export/MTNN/backup1,MTNN,backup1,192.168.8.0/22
BO1ZFSDBAAS-M203Y,Pool-01,/export/OT/backup1,OT,backup1,192.168.8.0/22
BO1ZFSDBAAS-M203Y,Pool-01,/export/OTM/backup1,OTM,backup1,192.168.8.0/22
BO1ZFSDBAAS-M203Y,Pool-01,/export/PALFADI/backup1,PALFADI,backup1,192.168.8.0/22
BO1ZFSDBAAS-M203Y,Pool-01,/export/PATROCLO/backup1,PATROCLO,backup1,192.168.8.0/22
BO1ZFSDBAAS-M203Y,Pool-01,/export/POSTPRDB/backup1,POSTPRDB,backup1,192.168.8.0/22
BO1ZFSDBAAS-M203Y,Pool-01,/export/PRBESE/backup1,PRBESE,backup1,192.168.8.0/22
BO1ZFSDBAAS-M203Y,Pool-01,/export/PRDSTMSP/backup1,PRDSTMSP,backup1,192.168.8.0/22
BO1ZFSDBAAS-M203Y,Pool-01,/export/PRN/backup1,PRN,backup1,192.168.8.0/22
BO1ZFSDBAAS-M203Y,Pool-01,/export/PROXCOM1/backup1,PROXCOM1,backup1,192.168.8.0/22
BO1ZFSDBAAS-M203Y,Pool-01,/export/RTCPROD/backup1,RTCPROD,backup1,192.168.8.0/22
BO1ZFSDBAAS-M203Y,Pool-01,/export/RTDGSRI/backup1,RTDGSRI,backup1,192.168.8.0/22
BO1ZFSDBAAS-M203Y,Pool-01,/export/SACIES/backup1,SACIES,backup1,192.168.8.0/22
BO1ZFSDBAAS-M203Y,Pool-01,/export/SDPESE01/backup1,SDPESE01,backup1,192.168.8.0/22
BO1ZFSDBAAS-M203Y,Pool-01,/export/SDU/backup1,SDU,backup1,192.168.8.0/22
BO1ZFSDBAAS-M203Y,Pool-01,/export/SIPESE/backup1,SIPESE,backup1,192.168.8.0/22
BO1ZFSDBAAS-M203Y,Pool-01,/export/SITEPST/backup1,SITEPST,backup1,192.168.8.0/22
BO1ZFSDBAAS-M203Y,Pool-01,/export/SORT/backup1,SORT,backup1,192.168.8.0/22
BO1ZFSDBAAS-M203Y,Pool-01,/export/TBWEB/backup1,TBWEB,backup1,192.168.8.0/22
BO1ZFSDBAAS-M203Y,Pool-01,/export/TCASHESE/backup1,TCASHESE,backup1,192.168.8.0/22
BO1ZFSDBAAS-M203Y,Pool-01,/export/TPMAT/backup1,TPMAT,backup1,192.168.8.0/22
BO1ZFSDBAAS-M203Y,Pool-01,/export/dbm01/backup1,dbm01,backup1,192.168.8.0/22
BO1ZFSDBAAS-M203G,Pool-02,/export/DBaaS-Bologna_C2_C1/2VL_ZFS_LOGAPPL,DBaaS-Bologna_C2_C1,2VL_ZFS_LOGAPPL,192.168.10.46/32
BO1ZFSDBAAS-M203G,Pool-02,/export/DBaaS-Bologna_C2_C1/2VL_ZFS_LOGAPPL,DBaaS-Bologna_C2_C1,2VL_ZFS_LOGAPPL,192.168.10.47/32
BO1ZFSDBAAS-M203G,Pool-02,/export/DBaaS-Bologna_C2_C1/2VL_ZFS_LOGAPPL,DBaaS-Bologna_C2_C1,2VL_ZFS_LOGAPPL,192.168.10.48/32
BO1ZFSDBAAS-M203G,Pool-02,/export/DBaaS-Bologna_C2_C1/2VL_ZFS_LOGAPPL,DBaaS-Bologna_C2_C1,2VL_ZFS_LOGAPPL,192.168.10.49/32
BO1ZFSDBAAS-M203G,Pool-02,/export/DBaaS-Bologna_C2_C1/2VL_ZFS_LOGAPPL,DBaaS-Bologna_C2_C1,2VL_ZFS_LOGAPPL,192.168.10.50/32
BO1ZFSDBAAS-M203G,Pool-02,/export/DBaaS-Bologna_C2_C1/2VL_ZFS_LOGAPPL,DBaaS-Bologna_C2_C1,2VL_ZFS_LOGAPPL,192.168.10.51/32
BO1ZFSDBAAS-M203G,Pool-02,/export/DBaaS-Bologna_C2_C1/2VL_ZFS_LOGAPPL,DBaaS-Bologna_C2_C1,2VL_ZFS_LOGAPPL,192.168.10.52/32
BO1ZFSDBAAS-M203G,Pool-02,/export/DBaaS-Bologna_C2_C1/2VL_ZFS_LOGAPPL,DBaaS-Bologna_C2_C1,2VL_ZFS_LOGAPPL,192.168.10.53/32
BO1ZFSDBAAS-M203G,Pool-02,/export/DBaaS-Bologna_C2_C1/2VL_ZFS_LOGAPPL,DBaaS-Bologna_C2_C1,2VL_ZFS_LOGAPPL,192.168.10.54/32
BO1ZFSDBAAS-M203G,Pool-02,/export/DBaaS-Bologna_C2_C1/2VL_ZFS_LOGAPPL,DBaaS-Bologna_C2_C1,2VL_ZFS_LOGAPPL,192.168.10.55/32
BO1ZFSDBAAS-M203G,Pool-02,/export/DBaaS-Bologna_C2_C1/2VL_ZFS_LOGAPPL,DBaaS-Bologna_C2_C1,2VL_ZFS_LOGAPPL,192.168.10.56/32
BO1ZFSDBAAS-M203G,Pool-02,/export/DBaaS-Bologna_C2_C1/2VL_ZFS_LOGAPPL,DBaaS-Bologna_C2_C1,2VL_ZFS_LOGAPPL,192.168.10.57/32
BO1ZFSDBAAS-M203G,Pool-02,/export/DBaaS-Bologna_C2_C1/2VL_ZFS_LOGAPPL,DBaaS-Bologna_C2_C1,2VL_ZFS_LOGAPPL,192.168.10.1/32
BO1ZFSDBAAS-M203G,Pool-02,/export/DBaaS-Bologna_C2_C1/2VL_ZFS_LOGAPPL,DBaaS-Bologna_C2_C1,2VL_ZFS_LOGAPPL,192.168.10.2/32
BO1ZFSDBAAS-M203G,Pool-02,/export/DBaaS-Bologna_C2_C1/2VL_ZFS_LOGAPPL,DBaaS-Bologna_C2_C1,2VL_ZFS_LOGAPPL,192.168.10.3/32
BO1ZFSDBAAS-M203G,Pool-02,/export/DBaaS-Bologna_C2_C1/2VL_ZFS_LOGAPPL,DBaaS-Bologna_C2_C1,2VL_ZFS_LOGAPPL,192.168.10.4/32
BO1ZFSDBAAS-M203G,Pool-02,/export/DBaaS-Bologna_C2_C1/2VL_ZFS_LOGAPPL,DBaaS-Bologna_C2_C1,2VL_ZFS_LOGAPPL,10.22.50.39/32
BO1ZFSDBAAS-M203G,Pool-02,/export/DBaaS-Bologna_C2_C1/2VL_ZFS_LOGAPPL,DBaaS-Bologna_C2_C1,2VL_ZFS_LOGAPPL,10.22.50.40/32
BO1ZFSDBAAS-M203G,Pool-02,/export/DBaaS-Bologna_C2_C1/ASAP_ZFS,DBaaS-Bologna_C2_C1,ASAP_ZFS,192.168.10.49/32
BO1ZFSDBAAS-M203G,Pool-02,/export/DBaaS-Bologna_C2_C1/ASAP_ZFS,DBaaS-Bologna_C2_C1,ASAP_ZFS,192.168.10.48/32
BO1ZFSDBAAS-M203G,Pool-02,/export/DBaaS-Bologna_C2_C1/ASAP_ZFS,DBaaS-Bologna_C2_C1,ASAP_ZFS,192.168.10.47/32
BO1ZFSDBAAS-M203G,Pool-02,/export/DBaaS-Bologna_C2_C1/ASAP_ZFS,DBaaS-Bologna_C2_C1,ASAP_ZFS,192.168.10.46/32
BO1ZFSDBAAS-M203G,Pool-02,/export/DBaaS-Bologna_C2_C1/ASAP_ZFS,DBaaS-Bologna_C2_C1,ASAP_ZFS,10.38.30.68/27
BO1ZFSDBAAS-M203G,Pool-02,/export/DBaaS-Bologna_C2_C1/ASAP_ZFS,DBaaS-Bologna_C2_C1,ASAP_ZFS,10.38.30.69/27
BO1ZFSDBAAS-M203G,Pool-02,/export/DBaaS-Bologna_C2_C1/ASAP_ZFS,DBaaS-Bologna_C2_C1,ASAP_ZFS,192.168.10.1/32
BO1ZFSDBAAS-M203G,Pool-02,/export/DBaaS-Bologna_C2_C1/ASAP_ZFS,DBaaS-Bologna_C2_C1,ASAP_ZFS,192.168.10.2/32
BO1ZFSDBAAS-M203G,Pool-02,/export/DBaaS-Bologna_C2_C1/ASAP_ZFS,DBaaS-Bologna_C2_C1,ASAP_ZFS,192.168.10.3/32
BO1ZFSDBAAS-M203G,Pool-02,/export/DBaaS-Bologna_C2_C1/ASAP_ZFS,DBaaS-Bologna_C2_C1,ASAP_ZFS,192.168.10.4/32
BO1ZFSDBAAS-M203G,Pool-02,/export/DBaaS-Bologna_C2_C1/ASAP_ZFS_LOGAPPL,DBaaS-Bologna_C2_C1,ASAP_ZFS_LOGAPPL,192.168.10.49/32
BO1ZFSDBAAS-M203G,Pool-02,/export/DBaaS-Bologna_C2_C1/ASAP_ZFS_LOGAPPL,DBaaS-Bologna_C2_C1,ASAP_ZFS_LOGAPPL,192.168.10.48/32
BO1ZFSDBAAS-M203G,Pool-02,/export/DBaaS-Bologna_C2_C1/ASAP_ZFS_LOGAPPL,DBaaS-Bologna_C2_C1,ASAP_ZFS_LOGAPPL,192.168.10.47/32
BO1ZFSDBAAS-M203G,Pool-02,/export/DBaaS-Bologna_C2_C1/ASAP_ZFS_LOGAPPL,DBaaS-Bologna_C2_C1,ASAP_ZFS_LOGAPPL,192.168.10.46/32
BO1ZFSDBAAS-M203G,Pool-02,/export/DBaaS-Bologna_C2_C1/ASAP_ZFS_LOGAPPL,DBaaS-Bologna_C2_C1,ASAP_ZFS_LOGAPPL,10.53.93.172/32
BO1ZFSDBAAS-M203G,Pool-02,/export/DBaaS-Bologna_C2_C1/ASAP_ZFS_LOGAPPL,DBaaS-Bologna_C2_C1,ASAP_ZFS_LOGAPPL,10.53.93.173/32
BO1ZFSDBAAS-M203G,Pool-02,/export/DBaaS-Bologna_C2_C1/ASAP_ZFS_LOGAPPL,DBaaS-Bologna_C2_C1,ASAP_ZFS_LOGAPPL,192.168.10.1/32
BO1ZFSDBAAS-M203G,Pool-02,/export/DBaaS-Bologna_C2_C1/ASAP_ZFS_LOGAPPL,DBaaS-Bologna_C2_C1,ASAP_ZFS_LOGAPPL,192.168.10.2/32
BO1ZFSDBAAS-M203G,Pool-02,/export/DBaaS-Bologna_C2_C1/ASAP_ZFS_LOGAPPL,DBaaS-Bologna_C2_C1,ASAP_ZFS_LOGAPPL,192.168.10.3/32
BO1ZFSDBAAS-M203G,Pool-02,/export/DBaaS-Bologna_C2_C1/ASAP_ZFS_LOGAPPL,DBaaS-Bologna_C2_C1,ASAP_ZFS_LOGAPPL,192.168.10.4/32
BO1ZFSDBAAS-M203G,Pool-02,/export/DBaaS-Bologna_C2_C1/ASAP_ZFS_LOGAPPL,DBaaS-Bologna_C2_C1,ASAP_ZFS_LOGAPPL,10.22.50.39/32
BO1ZFSDBAAS-M203G,Pool-02,/export/DBaaS-Bologna_C2_C1/ASAP_ZFS_LOGAPPL,DBaaS-Bologna_C2_C1,ASAP_ZFS_LOGAPPL,10.22.50.40/32
BO1ZFSDBAAS-M203G,Pool-02,/export/DBaaS-Bologna_C2_C1/CCSTOP_ZFS,DBaaS-Bologna_C2_C1,CCSTOP_ZFS,192.168.10.49/32
BO1ZFSDBAAS-M203G,Pool-02,/export/DBaaS-Bologna_C2_C1/CCSTOP_ZFS,DBaaS-Bologna_C2_C1,CCSTOP_ZFS,192.168.10.48/32
BO1ZFSDBAAS-M203G,Pool-02,/export/DBaaS-Bologna_C2_C1/CCSTOP_ZFS,DBaaS-Bologna_C2_C1,CCSTOP_ZFS,192.168.10.47/32
BO1ZFSDBAAS-M203G,Pool-02,/export/DBaaS-Bologna_C2_C1/CCSTOP_ZFS,DBaaS-Bologna_C2_C1,CCSTOP_ZFS,192.168.10.46/32
BO1ZFSDBAAS-M203G,Pool-02,/export/DBaaS-Bologna_C2_C1/CCSTOP_ZFS,DBaaS-Bologna_C2_C1,CCSTOP_ZFS,10.38.46.144/32
BO1ZFSDBAAS-M203G,Pool-02,/export/DBaaS-Bologna_C2_C1/CCSTOP_ZFS,DBaaS-Bologna_C2_C1,CCSTOP_ZFS,10.38.46.140/32
BO1ZFSDBAAS-M203G,Pool-02,/export/DBaaS-Bologna_C2_C1/CCSTOP_ZFS,DBaaS-Bologna_C2_C1,CCSTOP_ZFS,10.38.46.141/32
BO1ZFSDBAAS-M203G,Pool-02,/export/DBaaS-Bologna_C2_C1/CCSTOP_ZFS,DBaaS-Bologna_C2_C1,CCSTOP_ZFS,10.38.46.142/32
BO1ZFSDBAAS-M203G,Pool-02,/export/DBaaS-Bologna_C2_C1/CCSTOP_ZFS,DBaaS-Bologna_C2_C1,CCSTOP_ZFS,10.38.46.143/32
BO1ZFSDBAAS-M203G,Pool-02,/export/DBaaS-Bologna_C2_C1/CCSTOP_ZFS,DBaaS-Bologna_C2_C1,CCSTOP_ZFS,192.168.10.1/32
BO1ZFSDBAAS-M203G,Pool-02,/export/DBaaS-Bologna_C2_C1/CCSTOP_ZFS,DBaaS-Bologna_C2_C1,CCSTOP_ZFS,192.168.10.2/32
BO1ZFSDBAAS-M203G,Pool-02,/export/DBaaS-Bologna_C2_C1/CCSTOP_ZFS,DBaaS-Bologna_C2_C1,CCSTOP_ZFS,192.168.10.3/32
BO1ZFSDBAAS-M203G,Pool-02,/export/DBaaS-Bologna_C2_C1/CCSTOP_ZFS,DBaaS-Bologna_C2_C1,CCSTOP_ZFS,192.168.10.4/32
BO1ZFSDBAAS-M203G,Pool-02,/export/DBaaS-Bologna_C2_C1/CCSTOP_ZFS,DBaaS-Bologna_C2_C1,CCSTOP_ZFS,10.22.50.39/32
BO1ZFSDBAAS-M203G,Pool-02,/export/DBaaS-Bologna_C2_C1/CCSTOP_ZFS,DBaaS-Bologna_C2_C1,CCSTOP_ZFS,10.22.50.40/32
BO1ZFSDBAAS-M203G,Pool-02,/export/DBaaS-Bologna_C2_C1/CRMBW_COLLEBF_ZFS,DBaaS-Bologna_C2_C1,CRMBW_COLLEBF_ZFS,10.242.19.15/28
BO1ZFSDBAAS-M203G,Pool-02,/export/DBaaS-Bologna_C2_C1/CRMBW_COLLEBF_ZFS,DBaaS-Bologna_C2_C1,CRMBW_COLLEBF_ZFS,192.168.10.46/32
BO1ZFSDBAAS-M203G,Pool-02,/export/DBaaS-Bologna_C2_C1/CRMBW_COLLEBF_ZFS,DBaaS-Bologna_C2_C1,CRMBW_COLLEBF_ZFS,192.168.10.47/32
BO1ZFSDBAAS-M203G,Pool-02,/export/DBaaS-Bologna_C2_C1/CRMBW_COLLEBF_ZFS,DBaaS-Bologna_C2_C1,CRMBW_COLLEBF_ZFS,192.168.10.48/32
BO1ZFSDBAAS-M203G,Pool-02,/export/DBaaS-Bologna_C2_C1/CRMBW_COLLEBF_ZFS,DBaaS-Bologna_C2_C1,CRMBW_COLLEBF_ZFS,192.168.10.49/32
BO1ZFSDBAAS-M203G,Pool-02,/export/DBaaS-Bologna_C2_C1/CRMBW_COLLEBF_ZFS,DBaaS-Bologna_C2_C1,CRMBW_COLLEBF_ZFS,192.168.10.1/32
BO1ZFSDBAAS-M203G,Pool-02,/export/DBaaS-Bologna_C2_C1/CRMBW_COLLEBF_ZFS,DBaaS-Bologna_C2_C1,CRMBW_COLLEBF_ZFS,192.168.10.2/32
BO1ZFSDBAAS-M203G,Pool-02,/export/DBaaS-Bologna_C2_C1/CRMBW_COLLEBF_ZFS,DBaaS-Bologna_C2_C1,CRMBW_COLLEBF_ZFS,192.168.10.3/32
BO1ZFSDBAAS-M203G,Pool-02,/export/DBaaS-Bologna_C2_C1/CRMBW_COLLEBF_ZFS,DBaaS-Bologna_C2_C1,CRMBW_COLLEBF_ZFS,192.168.10.4/32
BO1ZFSDBAAS-M203G,Pool-02,/export/DBaaS-Bologna_C2_C1/CRMBW_COLLEBF_ZFS,DBaaS-Bologna_C2_C1,CRMBW_COLLEBF_ZFS,10.22.50.39/32
BO1ZFSDBAAS-M203G,Pool-02,/export/DBaaS-Bologna_C2_C1/CRMBW_COLLEBF_ZFS,DBaaS-Bologna_C2_C1,CRMBW_COLLEBF_ZFS,10.22.50.40/32
BO1ZFSDBAAS-M203G,Pool-02,/export/DBaaS-Bologna_C2_C1/CRPM_ZFS,DBaaS-Bologna_C2_C1,CRPM_ZFS,192.168.10.49/32
BO1ZFSDBAAS-M203G,Pool-02,/export/DBaaS-Bologna_C2_C1/CRPM_ZFS,DBaaS-Bologna_C2_C1,CRPM_ZFS,192.168.10.48/32
BO1ZFSDBAAS-M203G,Pool-02,/export/DBaaS-Bologna_C2_C1/CRPM_ZFS,DBaaS-Bologna_C2_C1,CRPM_ZFS,192.168.10.47/32
BO1ZFSDBAAS-M203G,Pool-02,/export/DBaaS-Bologna_C2_C1/CRPM_ZFS,DBaaS-Bologna_C2_C1,CRPM_ZFS,192.168.10.46/32
BO1ZFSDBAAS-M203G,Pool-02,/export/DBaaS-Bologna_C2_C1/CRPM_ZFS,DBaaS-Bologna_C2_C1,CRPM_ZFS,192.168.10.1/32
BO1ZFSDBAAS-M203G,Pool-02,/export/DBaaS-Bologna_C2_C1/CRPM_ZFS,DBaaS-Bologna_C2_C1,CRPM_ZFS,192.168.10.2/32
BO1ZFSDBAAS-M203G,Pool-02,/export/DBaaS-Bologna_C2_C1/CRPM_ZFS,DBaaS-Bologna_C2_C1,CRPM_ZFS,192.168.10.3/32
BO1ZFSDBAAS-M203G,Pool-02,/export/DBaaS-Bologna_C2_C1/CRPM_ZFS,DBaaS-Bologna_C2_C1,CRPM_ZFS,192.168.10.4/32
BO1ZFSDBAAS-M203G,Pool-02,/export/DBaaS-Bologna_C2_C1/CRPM_ZFS,DBaaS-Bologna_C2_C1,CRPM_ZFS,10.38.34.27/32
BO1ZFSDBAAS-M203G,Pool-02,/export/DBaaS-Bologna_C2_C1/DOP_ZFS,DBaaS-Bologna_C2_C1,DOP_ZFS,192.168.10.49/32
BO1ZFSDBAAS-M203G,Pool-02,/export/DBaaS-Bologna_C2_C1/DOP_ZFS,DBaaS-Bologna_C2_C1,DOP_ZFS,192.168.10.48/32
BO1ZFSDBAAS-M203G,Pool-02,/export/DBaaS-Bologna_C2_C1/DOP_ZFS,DBaaS-Bologna_C2_C1,DOP_ZFS,192.168.10.47/32
BO1ZFSDBAAS-M203G,Pool-02,/export/DBaaS-Bologna_C2_C1/DOP_ZFS,DBaaS-Bologna_C2_C1,DOP_ZFS,192.168.10.46/32
BO1ZFSDBAAS-M203G,Pool-02,/export/DBaaS-Bologna_C2_C1/DOP_ZFS,DBaaS-Bologna_C2_C1,DOP_ZFS,192.168.10.1/32
BO1ZFSDBAAS-M203G,Pool-02,/export/DBaaS-Bologna_C2_C1/DOP_ZFS,DBaaS-Bologna_C2_C1,DOP_ZFS,192.168.10.2/32
BO1ZFSDBAAS-M203G,Pool-02,/export/DBaaS-Bologna_C2_C1/DOP_ZFS,DBaaS-Bologna_C2_C1,DOP_ZFS,192.168.10.3/32
BO1ZFSDBAAS-M203G,Pool-02,/export/DBaaS-Bologna_C2_C1/DOP_ZFS,DBaaS-Bologna_C2_C1,DOP_ZFS,192.168.10.4/32
BO1ZFSDBAAS-M203G,Pool-02,/export/DBaaS-Bologna_C2_C1/DOP_ZFS,DBaaS-Bologna_C2_C1,DOP_ZFS,10.22.50.39/32
BO1ZFSDBAAS-M203G,Pool-02,/export/DBaaS-Bologna_C2_C1/DOP_ZFS,DBaaS-Bologna_C2_C1,DOP_ZFS,10.22.50.40/32
BO1ZFSDBAAS-M203G,Pool-02,/export/DBaaS-Bologna_C2_C1/DW2SROR2_ZFS,DBaaS-Bologna_C2_C1,DW2SROR2_ZFS,10.208.17.119/32
BO1ZFSDBAAS-M203G,Pool-02,/export/DBaaS-Bologna_C2_C1/DW2SROR_ZFS,DBaaS-Bologna_C2_C1,DW2SROR_ZFS,192.168.10.49/32
BO1ZFSDBAAS-M203G,Pool-02,/export/DBaaS-Bologna_C2_C1/DW2SROR_ZFS,DBaaS-Bologna_C2_C1,DW2SROR_ZFS,192.168.10.48/32
BO1ZFSDBAAS-M203G,Pool-02,/export/DBaaS-Bologna_C2_C1/DW2SROR_ZFS,DBaaS-Bologna_C2_C1,DW2SROR_ZFS,192.168.10.47/32
BO1ZFSDBAAS-M203G,Pool-02,/export/DBaaS-Bologna_C2_C1/DW2SROR_ZFS,DBaaS-Bologna_C2_C1,DW2SROR_ZFS,192.168.10.46/32
BO1ZFSDBAAS-M203G,Pool-02,/export/DBaaS-Bologna_C2_C1/DW2SROR_ZFS,DBaaS-Bologna_C2_C1,DW2SROR_ZFS,192.168.10.1/32
BO1ZFSDBAAS-M203G,Pool-02,/export/DBaaS-Bologna_C2_C1/DW2SROR_ZFS,DBaaS-Bologna_C2_C1,DW2SROR_ZFS,192.168.10.2/32
BO1ZFSDBAAS-M203G,Pool-02,/export/DBaaS-Bologna_C2_C1/DW2SROR_ZFS,DBaaS-Bologna_C2_C1,DW2SROR_ZFS,192.168.10.3/32
BO1ZFSDBAAS-M203G,Pool-02,/export/DBaaS-Bologna_C2_C1/DW2SROR_ZFS,DBaaS-Bologna_C2_C1,DW2SROR_ZFS,192.168.10.4/32
BO1ZFSDBAAS-M203G,Pool-02,/export/DBaaS-Bologna_C2_C1/DW2SROR_ZFS,DBaaS-Bologna_C2_C1,DW2SROR_ZFS,10.22.50.39/32
BO1ZFSDBAAS-M203G,Pool-02,/export/DBaaS-Bologna_C2_C1/DW2SROR_ZFS,DBaaS-Bologna_C2_C1,DW2SROR_ZFS,10.22.50.40/32
BO1ZFSDBAAS-M203G,Pool-02,/export/DBaaS-Bologna_C2_C1/E-FOUNDATION_ZFS,DBaaS-Bologna_C2_C1,E-FOUNDATION_ZFS,10.242.42.182/32
BO1ZFSDBAAS-M203G,Pool-02,/export/DBaaS-Bologna_C2_C1/E-FOUNDATION_ZFS,DBaaS-Bologna_C2_C1,E-FOUNDATION_ZFS,10.242.42.183/32
BO1ZFSDBAAS-M203G,Pool-02,/export/DBaaS-Bologna_C2_C1/E-FOUNDATION_ZFS,DBaaS-Bologna_C2_C1,E-FOUNDATION_ZFS,10.242.42.184/32
BO1ZFSDBAAS-M203G,Pool-02,/export/DBaaS-Bologna_C2_C1/E-FOUNDATION_ZFS,DBaaS-Bologna_C2_C1,E-FOUNDATION_ZFS,10.242.42.185/32
BO1ZFSDBAAS-M203G,Pool-02,/export/DBaaS-Bologna_C2_C1/E-FOUNDATION_ZFS,DBaaS-Bologna_C2_C1,E-FOUNDATION_ZFS,10.242.42.186/32
BO1ZFSDBAAS-M203G,Pool-02,/export/DBaaS-Bologna_C2_C1/E-FOUNDATION_ZFS,DBaaS-Bologna_C2_C1,E-FOUNDATION_ZFS,10.242.42.188/32
BO1ZFSDBAAS-M203G,Pool-02,/export/DBaaS-Bologna_C2_C1/E-FOUNDATION_ZFS,DBaaS-Bologna_C2_C1,E-FOUNDATION_ZFS,10.242.42.157/32
BO1ZFSDBAAS-M203G,Pool-02,/export/DBaaS-Bologna_C2_C1/E-FOUNDATION_ZFS,DBaaS-Bologna_C2_C1,E-FOUNDATION_ZFS,10.242.42.181/32
BO1ZFSDBAAS-M203G,Pool-02,/export/DBaaS-Bologna_C2_C1/E-FOUNDATION_ZFS,DBaaS-Bologna_C2_C1,E-FOUNDATION_ZFS,192.168.10.57/32
BO1ZFSDBAAS-M203G,Pool-02,/export/DBaaS-Bologna_C2_C1/E-FOUNDATION_ZFS,DBaaS-Bologna_C2_C1,E-FOUNDATION_ZFS,192.168.10.54/32
BO1ZFSDBAAS-M203G,Pool-02,/export/DBaaS-Bologna_C2_C1/E-FOUNDATION_ZFS,DBaaS-Bologna_C2_C1,E-FOUNDATION_ZFS,192.168.10.55/32
BO1ZFSDBAAS-M203G,Pool-02,/export/DBaaS-Bologna_C2_C1/E-FOUNDATION_ZFS,DBaaS-Bologna_C2_C1,E-FOUNDATION_ZFS,192.168.10.56/32
BO1ZFSDBAAS-M203G,Pool-02,/export/DBaaS-Bologna_C2_C1/E-FOUNDATION_ZFS,DBaaS-Bologna_C2_C1,E-FOUNDATION_ZFS,10.53.93.176/32
BO1ZFSDBAAS-M203G,Pool-02,/export/DBaaS-Bologna_C2_C1/E-FOUNDATION_ZFS,DBaaS-Bologna_C2_C1,E-FOUNDATION_ZFS,10.53.93.177/32
BO1ZFSDBAAS-M203G,Pool-02,/export/DBaaS-Bologna_C2_C1/E-FOUNDATION_ZFS,DBaaS-Bologna_C2_C1,E-FOUNDATION_ZFS,192.168.10.1/32
BO1ZFSDBAAS-M203G,Pool-02,/export/DBaaS-Bologna_C2_C1/E-FOUNDATION_ZFS,DBaaS-Bologna_C2_C1,E-FOUNDATION_ZFS,192.168.10.2/32
BO1ZFSDBAAS-M203G,Pool-02,/export/DBaaS-Bologna_C2_C1/E-FOUNDATION_ZFS,DBaaS-Bologna_C2_C1,E-FOUNDATION_ZFS,192.168.10.3/32
BO1ZFSDBAAS-M203G,Pool-02,/export/DBaaS-Bologna_C2_C1/E-FOUNDATION_ZFS,DBaaS-Bologna_C2_C1,E-FOUNDATION_ZFS,192.168.10.4/32
BO1ZFSDBAAS-M203G,Pool-02,/export/DBaaS-Bologna_C2_C1/E-FOUNDATION_ZFS,DBaaS-Bologna_C2_C1,E-FOUNDATION_ZFS,10.22.50.39/32
BO1ZFSDBAAS-M203G,Pool-02,/export/DBaaS-Bologna_C2_C1/E-FOUNDATION_ZFS,DBaaS-Bologna_C2_C1,E-FOUNDATION_ZFS,10.22.50.40/32
BO1ZFSDBAAS-M203G,Pool-02,/export/DBaaS-Bologna_C2_C1/EMMADB_share,DBaaS-Bologna_C2_C1,EMMADB_share,10.53.79.133/32
BO1ZFSDBAAS-M203G,Pool-02,/export/DBaaS-Bologna_C2_C1/EMMADB_share,DBaaS-Bologna_C2_C1,EMMADB_share,10.53.79.134/32
BO1ZFSDBAAS-M203G,Pool-02,/export/DBaaS-Bologna_C2_C1/EMMADB_share,DBaaS-Bologna_C2_C1,EMMADB_share,10.53.79.135/32
BO1ZFSDBAAS-M203G,Pool-02,/export/DBaaS-Bologna_C2_C1/EMMADB_share,DBaaS-Bologna_C2_C1,EMMADB_share,10.53.79.136/32
BO1ZFSDBAAS-M203G,Pool-02,/export/DBaaS-Bologna_C2_C1/EMMADB_share,DBaaS-Bologna_C2_C1,EMMADB_share,192.168.10.1/32
BO1ZFSDBAAS-M203G,Pool-02,/export/DBaaS-Bologna_C2_C1/EMMADB_share,DBaaS-Bologna_C2_C1,EMMADB_share,192.168.10.2/32
BO1ZFSDBAAS-M203G,Pool-02,/export/DBaaS-Bologna_C2_C1/EMMADB_share,DBaaS-Bologna_C2_C1,EMMADB_share,192.168.10.3/32
BO1ZFSDBAAS-M203G,Pool-02,/export/DBaaS-Bologna_C2_C1/EMMADB_share,DBaaS-Bologna_C2_C1,EMMADB_share,192.168.10.4/32
BO1ZFSDBAAS-M203G,Pool-02,/export/DBaaS-Bologna_C2_C1/EMMADB_share,DBaaS-Bologna_C2_C1,EMMADB_share,10.22.50.39/32
BO1ZFSDBAAS-M203G,Pool-02,/export/DBaaS-Bologna_C2_C1/EMMADB_share,DBaaS-Bologna_C2_C1,EMMADB_share,10.22.50.40/32
BO1ZFSDBAAS-M203G,Pool-02,/export/DBaaS-Bologna_C2_C1/FAS_ZFS,DBaaS-Bologna_C2_C1,FAS_ZFS,192.168.10.49/32
BO1ZFSDBAAS-M203G,Pool-02,/export/DBaaS-Bologna_C2_C1/FAS_ZFS,DBaaS-Bologna_C2_C1,FAS_ZFS,192.168.10.48/32
BO1ZFSDBAAS-M203G,Pool-02,/export/DBaaS-Bologna_C2_C1/FAS_ZFS,DBaaS-Bologna_C2_C1,FAS_ZFS,192.168.10.47/32
BO1ZFSDBAAS-M203G,Pool-02,/export/DBaaS-Bologna_C2_C1/FAS_ZFS,DBaaS-Bologna_C2_C1,FAS_ZFS,192.168.10.46/32
BO1ZFSDBAAS-M203G,Pool-02,/export/DBaaS-Bologna_C2_C1/FAS_ZFS,DBaaS-Bologna_C2_C1,FAS_ZFS,10.22.44.70/28
BO1ZFSDBAAS-M203G,Pool-02,/export/DBaaS-Bologna_C2_C1/FAS_ZFS,DBaaS-Bologna_C2_C1,FAS_ZFS,192.168.10.1/32
BO1ZFSDBAAS-M203G,Pool-02,/export/DBaaS-Bologna_C2_C1/FAS_ZFS,DBaaS-Bologna_C2_C1,FAS_ZFS,192.168.10.2/32
BO1ZFSDBAAS-M203G,Pool-02,/export/DBaaS-Bologna_C2_C1/FAS_ZFS,DBaaS-Bologna_C2_C1,FAS_ZFS,192.168.10.3/32
BO1ZFSDBAAS-M203G,Pool-02,/export/DBaaS-Bologna_C2_C1/FAS_ZFS,DBaaS-Bologna_C2_C1,FAS_ZFS,192.168.10.4/32
BO1ZFSDBAAS-M203G,Pool-02,/export/DBaaS-Bologna_C2_C1/FAS_ZFS,DBaaS-Bologna_C2_C1,FAS_ZFS,10.22.50.39/32
BO1ZFSDBAAS-M203G,Pool-02,/export/DBaaS-Bologna_C2_C1/FAS_ZFS,DBaaS-Bologna_C2_C1,FAS_ZFS,10.22.50.40/32
BO1ZFSDBAAS-M203G,Pool-02,/export/DBaaS-Bologna_C2_C1/GCV_ZFS,DBaaS-Bologna_C2_C1,GCV_ZFS,192.168.10.49/32
BO1ZFSDBAAS-M203G,Pool-02,/export/DBaaS-Bologna_C2_C1/GCV_ZFS,DBaaS-Bologna_C2_C1,GCV_ZFS,192.168.10.48/32
BO1ZFSDBAAS-M203G,Pool-02,/export/DBaaS-Bologna_C2_C1/GCV_ZFS,DBaaS-Bologna_C2_C1,GCV_ZFS,192.168.10.47/32
BO1ZFSDBAAS-M203G,Pool-02,/export/DBaaS-Bologna_C2_C1/GCV_ZFS,DBaaS-Bologna_C2_C1,GCV_ZFS,192.168.10.46/32
BO1ZFSDBAAS-M203G,Pool-02,/export/DBaaS-Bologna_C2_C1/GCV_ZFS,DBaaS-Bologna_C2_C1,GCV_ZFS,10.22.46.137/28
BO1ZFSDBAAS-M203G,Pool-02,/export/DBaaS-Bologna_C2_C1/GCV_ZFS,DBaaS-Bologna_C2_C1,GCV_ZFS,10.242.40.230/22
BO1ZFSDBAAS-M203G,Pool-02,/export/DBaaS-Bologna_C2_C1/GCV_ZFS,DBaaS-Bologna_C2_C1,GCV_ZFS,10.242.40.231/22
BO1ZFSDBAAS-M203G,Pool-02,/export/DBaaS-Bologna_C2_C1/GCV_ZFS,DBaaS-Bologna_C2_C1,GCV_ZFS,192.168.10.1/32
BO1ZFSDBAAS-M203G,Pool-02,/export/DBaaS-Bologna_C2_C1/GCV_ZFS,DBaaS-Bologna_C2_C1,GCV_ZFS,192.168.10.2/32
BO1ZFSDBAAS-M203G,Pool-02,/export/DBaaS-Bologna_C2_C1/GCV_ZFS,DBaaS-Bologna_C2_C1,GCV_ZFS,192.168.10.3/32
BO1ZFSDBAAS-M203G,Pool-02,/export/DBaaS-Bologna_C2_C1/GCV_ZFS,DBaaS-Bologna_C2_C1,GCV_ZFS,192.168.10.4/32
BO1ZFSDBAAS-M203G,Pool-02,/export/DBaaS-Bologna_C2_C1/GCV_ZFS,DBaaS-Bologna_C2_C1,GCV_ZFS,10.22.50.39/32
BO1ZFSDBAAS-M203G,Pool-02,/export/DBaaS-Bologna_C2_C1/GCV_ZFS,DBaaS-Bologna_C2_C1,GCV_ZFS,10.22.50.40/32
BO1ZFSDBAAS-M203G,Pool-02,/export/DBaaS-Bologna_C2_C1/GEBP_ZFS,DBaaS-Bologna_C2_C1,GEBP_ZFS,192.168.10.49/32
BO1ZFSDBAAS-M203G,Pool-02,/export/DBaaS-Bologna_C2_C1/GEBP_ZFS,DBaaS-Bologna_C2_C1,GEBP_ZFS,192.168.10.48/32
BO1ZFSDBAAS-M203G,Pool-02,/export/DBaaS-Bologna_C2_C1/GEBP_ZFS,DBaaS-Bologna_C2_C1,GEBP_ZFS,192.168.10.47/32
BO1ZFSDBAAS-M203G,Pool-02,/export/DBaaS-Bologna_C2_C1/GEBP_ZFS,DBaaS-Bologna_C2_C1,GEBP_ZFS,192.168.10.46/32
BO1ZFSDBAAS-M203G,Pool-02,/export/DBaaS-Bologna_C2_C1/GEBP_ZFS,DBaaS-Bologna_C2_C1,GEBP_ZFS,10.22.50.39/32
BO1ZFSDBAAS-M203G,Pool-02,/export/DBaaS-Bologna_C2_C1/GEBP_ZFS,DBaaS-Bologna_C2_C1,GEBP_ZFS,10.22.50.40/32
BO1ZFSDBAAS-M203G,Pool-02,/export/DBaaS-Bologna_C2_C1/GEBP_ZFS,DBaaS-Bologna_C2_C1,GEBP_ZFS,192.168.10.1/32
BO1ZFSDBAAS-M203G,Pool-02,/export/DBaaS-Bologna_C2_C1/GEBP_ZFS,DBaaS-Bologna_C2_C1,GEBP_ZFS,192.168.10.2/32
BO1ZFSDBAAS-M203G,Pool-02,/export/DBaaS-Bologna_C2_C1/GEBP_ZFS,DBaaS-Bologna_C2_C1,GEBP_ZFS,192.168.10.3/32
BO1ZFSDBAAS-M203G,Pool-02,/export/DBaaS-Bologna_C2_C1/GEBP_ZFS,DBaaS-Bologna_C2_C1,GEBP_ZFS,192.168.10.4/32
BO1ZFSDBAAS-M203G,Pool-02,/export/DBaaS-Bologna_C2_C1/GEBP_ZFS,DBaaS-Bologna_C2_C1,GEBP_ZFS,10.242.40.231/22
BO1ZFSDBAAS-M203G,Pool-02,/export/DBaaS-Bologna_C2_C1/GEBP_ZFS,DBaaS-Bologna_C2_C1,GEBP_ZFS,10.22.46.233/28
BO1ZFSDBAAS-M203G,Pool-02,/export/DBaaS-Bologna_C2_C1/GEBP_ZFS,DBaaS-Bologna_C2_C1,GEBP_ZFS,10.242.40.230/22
BO1ZFSDBAAS-M203G,Pool-02,/export/DBaaS-Bologna_C2_C1/GIAPVF_ZFS,DBaaS-Bologna_C2_C1,GIAPVF_ZFS,192.168.10.49/32
BO1ZFSDBAAS-M203G,Pool-02,/export/DBaaS-Bologna_C2_C1/GIAPVF_ZFS,DBaaS-Bologna_C2_C1,GIAPVF_ZFS,192.168.10.48/32
BO1ZFSDBAAS-M203G,Pool-02,/export/DBaaS-Bologna_C2_C1/GIAPVF_ZFS,DBaaS-Bologna_C2_C1,GIAPVF_ZFS,192.168.10.47/32
BO1ZFSDBAAS-M203G,Pool-02,/export/DBaaS-Bologna_C2_C1/GIAPVF_ZFS,DBaaS-Bologna_C2_C1,GIAPVF_ZFS,192.168.10.46/32
BO1ZFSDBAAS-M203G,Pool-02,/export/DBaaS-Bologna_C2_C1/GIAPVF_ZFS,DBaaS-Bologna_C2_C1,GIAPVF_ZFS,10.242.40.230/22
BO1ZFSDBAAS-M203G,Pool-02,/export/DBaaS-Bologna_C2_C1/GIAPVF_ZFS,DBaaS-Bologna_C2_C1,GIAPVF_ZFS,10.242.40.231/22
BO1ZFSDBAAS-M203G,Pool-02,/export/DBaaS-Bologna_C2_C1/GIAPVF_ZFS,DBaaS-Bologna_C2_C1,GIAPVF_ZFS,10.24.4.232/27
BO1ZFSDBAAS-M203G,Pool-02,/export/DBaaS-Bologna_C2_C1/GIAPVF_ZFS,DBaaS-Bologna_C2_C1,GIAPVF_ZFS,192.168.10.1/32
BO1ZFSDBAAS-M203G,Pool-02,/export/DBaaS-Bologna_C2_C1/GIAPVF_ZFS,DBaaS-Bologna_C2_C1,GIAPVF_ZFS,192.168.10.2/32
BO1ZFSDBAAS-M203G,Pool-02,/export/DBaaS-Bologna_C2_C1/GIAPVF_ZFS,DBaaS-Bologna_C2_C1,GIAPVF_ZFS,192.168.10.3/32
BO1ZFSDBAAS-M203G,Pool-02,/export/DBaaS-Bologna_C2_C1/GIAPVF_ZFS,DBaaS-Bologna_C2_C1,GIAPVF_ZFS,192.168.10.4/32
BO1ZFSDBAAS-M203G,Pool-02,/export/DBaaS-Bologna_C2_C1/GIAPVF_ZFS,DBaaS-Bologna_C2_C1,GIAPVF_ZFS,10.22.50.39/32
BO1ZFSDBAAS-M203G,Pool-02,/export/DBaaS-Bologna_C2_C1/GIAPVF_ZFS,DBaaS-Bologna_C2_C1,GIAPVF_ZFS,10.22.50.40/32
BO1ZFSDBAAS-M203G,Pool-02,/export/DBaaS-Bologna_C2_C1/GIAPVM_ZFS,DBaaS-Bologna_C2_C1,GIAPVM_ZFS,192.168.10.49/32
BO1ZFSDBAAS-M203G,Pool-02,/export/DBaaS-Bologna_C2_C1/GIAPVM_ZFS,DBaaS-Bologna_C2_C1,GIAPVM_ZFS,192.168.10.48/32
BO1ZFSDBAAS-M203G,Pool-02,/export/DBaaS-Bologna_C2_C1/GIAPVM_ZFS,DBaaS-Bologna_C2_C1,GIAPVM_ZFS,192.168.10.47/32
BO1ZFSDBAAS-M203G,Pool-02,/export/DBaaS-Bologna_C2_C1/GIAPVM_ZFS,DBaaS-Bologna_C2_C1,GIAPVM_ZFS,192.168.10.46/32
BO1ZFSDBAAS-M203G,Pool-02,/export/DBaaS-Bologna_C2_C1/GIAPVM_ZFS,DBaaS-Bologna_C2_C1,GIAPVM_ZFS,10.22.44.168/27
BO1ZFSDBAAS-M203G,Pool-02,/export/DBaaS-Bologna_C2_C1/GIAPVM_ZFS,DBaaS-Bologna_C2_C1,GIAPVM_ZFS,10.242.40.230/22
BO1ZFSDBAAS-M203G,Pool-02,/export/DBaaS-Bologna_C2_C1/GIAPVM_ZFS,DBaaS-Bologna_C2_C1,GIAPVM_ZFS,10.242.40.231/22
BO1ZFSDBAAS-M203G,Pool-02,/export/DBaaS-Bologna_C2_C1/GIAPVM_ZFS,DBaaS-Bologna_C2_C1,GIAPVM_ZFS,192.168.10.1/32
BO1ZFSDBAAS-M203G,Pool-02,/export/DBaaS-Bologna_C2_C1/GIAPVM_ZFS,DBaaS-Bologna_C2_C1,GIAPVM_ZFS,192.168.10.2/32
BO1ZFSDBAAS-M203G,Pool-02,/export/DBaaS-Bologna_C2_C1/GIAPVM_ZFS,DBaaS-Bologna_C2_C1,GIAPVM_ZFS,192.168.10.3/32
BO1ZFSDBAAS-M203G,Pool-02,/export/DBaaS-Bologna_C2_C1/GIAPVM_ZFS,DBaaS-Bologna_C2_C1,GIAPVM_ZFS,192.168.10.4/32
BO1ZFSDBAAS-M203G,Pool-02,/export/DBaaS-Bologna_C2_C1/GIAPVM_ZFS,DBaaS-Bologna_C2_C1,GIAPVM_ZFS,10.22.50.39/32
BO1ZFSDBAAS-M203G,Pool-02,/export/DBaaS-Bologna_C2_C1/GIAPVM_ZFS,DBaaS-Bologna_C2_C1,GIAPVM_ZFS,10.22.50.40/32
BO1ZFSDBAAS-M203G,Pool-02,/export/DBaaS-Bologna_C2_C1/ITMC-BRASIL_ZFS_LOGAPPL,DBaaS-Bologna_C2_C1,ITMC-BRASIL_ZFS_LOGAPPL,192.168.10.46/32
BO1ZFSDBAAS-M203G,Pool-02,/export/DBaaS-Bologna_C2_C1/ITMC-BRASIL_ZFS_LOGAPPL,DBaaS-Bologna_C2_C1,ITMC-BRASIL_ZFS_LOGAPPL,192.168.10.47/32
BO1ZFSDBAAS-M203G,Pool-02,/export/DBaaS-Bologna_C2_C1/ITMC-BRASIL_ZFS_LOGAPPL,DBaaS-Bologna_C2_C1,ITMC-BRASIL_ZFS_LOGAPPL,192.168.10.48/32
BO1ZFSDBAAS-M203G,Pool-02,/export/DBaaS-Bologna_C2_C1/ITMC-BRASIL_ZFS_LOGAPPL,DBaaS-Bologna_C2_C1,ITMC-BRASIL_ZFS_LOGAPPL,192.168.10.49/32
BO1ZFSDBAAS-M203G,Pool-02,/export/DBaaS-Bologna_C2_C1/ITMC-BRASIL_ZFS_LOGAPPL,DBaaS-Bologna_C2_C1,ITMC-BRASIL_ZFS_LOGAPPL,192.168.10.50/32
BO1ZFSDBAAS-M203G,Pool-02,/export/DBaaS-Bologna_C2_C1/ITMC-BRASIL_ZFS_LOGAPPL,DBaaS-Bologna_C2_C1,ITMC-BRASIL_ZFS_LOGAPPL,192.168.10.51/32
BO1ZFSDBAAS-M203G,Pool-02,/export/DBaaS-Bologna_C2_C1/ITMC-BRASIL_ZFS_LOGAPPL,DBaaS-Bologna_C2_C1,ITMC-BRASIL_ZFS_LOGAPPL,192.168.10.52/32
BO1ZFSDBAAS-M203G,Pool-02,/export/DBaaS-Bologna_C2_C1/ITMC-BRASIL_ZFS_LOGAPPL,DBaaS-Bologna_C2_C1,ITMC-BRASIL_ZFS_LOGAPPL,192.168.10.53/32
BO1ZFSDBAAS-M203G,Pool-02,/export/DBaaS-Bologna_C2_C1/ITMC-BRASIL_ZFS_LOGAPPL,DBaaS-Bologna_C2_C1,ITMC-BRASIL_ZFS_LOGAPPL,192.168.10.54/32
BO1ZFSDBAAS-M203G,Pool-02,/export/DBaaS-Bologna_C2_C1/ITMC-BRASIL_ZFS_LOGAPPL,DBaaS-Bologna_C2_C1,ITMC-BRASIL_ZFS_LOGAPPL,192.168.10.55/32
BO1ZFSDBAAS-M203G,Pool-02,/export/DBaaS-Bologna_C2_C1/ITMC-BRASIL_ZFS_LOGAPPL,DBaaS-Bologna_C2_C1,ITMC-BRASIL_ZFS_LOGAPPL,192.168.10.56/32
BO1ZFSDBAAS-M203G,Pool-02,/export/DBaaS-Bologna_C2_C1/ITMC-BRASIL_ZFS_LOGAPPL,DBaaS-Bologna_C2_C1,ITMC-BRASIL_ZFS_LOGAPPL,192.168.10.57/32
BO1ZFSDBAAS-M203G,Pool-02,/export/DBaaS-Bologna_C2_C1/ITMC-BRASIL_ZFS_LOGAPPL,DBaaS-Bologna_C2_C1,ITMC-BRASIL_ZFS_LOGAPPL,192.168.10.1/32
BO1ZFSDBAAS-M203G,Pool-02,/export/DBaaS-Bologna_C2_C1/ITMC-BRASIL_ZFS_LOGAPPL,DBaaS-Bologna_C2_C1,ITMC-BRASIL_ZFS_LOGAPPL,192.168.10.2/32
BO1ZFSDBAAS-M203G,Pool-02,/export/DBaaS-Bologna_C2_C1/ITMC-BRASIL_ZFS_LOGAPPL,DBaaS-Bologna_C2_C1,ITMC-BRASIL_ZFS_LOGAPPL,192.168.10.3/32
BO1ZFSDBAAS-M203G,Pool-02,/export/DBaaS-Bologna_C2_C1/ITMC-BRASIL_ZFS_LOGAPPL,DBaaS-Bologna_C2_C1,ITMC-BRASIL_ZFS_LOGAPPL,192.168.10.4/32
BO1ZFSDBAAS-M203G,Pool-02,/export/DBaaS-Bologna_C2_C1/ITMC-BRASIL_ZFS_LOGAPPL,DBaaS-Bologna_C2_C1,ITMC-BRASIL_ZFS_LOGAPPL,10.22.50.39/32
BO1ZFSDBAAS-M203G,Pool-02,/export/DBaaS-Bologna_C2_C1/ITMC-BRASIL_ZFS_LOGAPPL,DBaaS-Bologna_C2_C1,ITMC-BRASIL_ZFS_LOGAPPL,10.22.50.40/32
BO1ZFSDBAAS-M203G,Pool-02,/export/DBaaS-Bologna_C2_C1/Jive_ZFS,DBaaS-Bologna_C2_C1,Jive_ZFS,192.168.10.49/32
BO1ZFSDBAAS-M203G,Pool-02,/export/DBaaS-Bologna_C2_C1/Jive_ZFS,DBaaS-Bologna_C2_C1,Jive_ZFS,192.168.10.48/32
BO1ZFSDBAAS-M203G,Pool-02,/export/DBaaS-Bologna_C2_C1/Jive_ZFS,DBaaS-Bologna_C2_C1,Jive_ZFS,192.168.10.47/32
BO1ZFSDBAAS-M203G,Pool-02,/export/DBaaS-Bologna_C2_C1/Jive_ZFS,DBaaS-Bologna_C2_C1,Jive_ZFS,192.168.10.46/32
BO1ZFSDBAAS-M203G,Pool-02,/export/DBaaS-Bologna_C2_C1/Jive_ZFS,DBaaS-Bologna_C2_C1,Jive_ZFS,10.22.56.235/32
BO1ZFSDBAAS-M203G,Pool-02,/export/DBaaS-Bologna_C2_C1/Jive_ZFS,DBaaS-Bologna_C2_C1,Jive_ZFS,10.22.56.234/32
BO1ZFSDBAAS-M203G,Pool-02,/export/DBaaS-Bologna_C2_C1/Jive_ZFS,DBaaS-Bologna_C2_C1,Jive_ZFS,10.22.56.233/32
BO1ZFSDBAAS-M203G,Pool-02,/export/DBaaS-Bologna_C2_C1/Jive_ZFS,DBaaS-Bologna_C2_C1,Jive_ZFS,10.22.56.231/32
BO1ZFSDBAAS-M203G,Pool-02,/export/DBaaS-Bologna_C2_C1/Jive_ZFS,DBaaS-Bologna_C2_C1,Jive_ZFS,10.22.56.230/32
BO1ZFSDBAAS-M203G,Pool-02,/export/DBaaS-Bologna_C2_C1/Jive_ZFS,DBaaS-Bologna_C2_C1,Jive_ZFS,10.22.56.229/32
BO1ZFSDBAAS-M203G,Pool-02,/export/DBaaS-Bologna_C2_C1/Jive_ZFS,DBaaS-Bologna_C2_C1,Jive_ZFS,10.22.56.228/32
BO1ZFSDBAAS-M203G,Pool-02,/export/DBaaS-Bologna_C2_C1/Jive_ZFS,DBaaS-Bologna_C2_C1,Jive_ZFS,192.168.10.1/32
BO1ZFSDBAAS-M203G,Pool-02,/export/DBaaS-Bologna_C2_C1/Jive_ZFS,DBaaS-Bologna_C2_C1,Jive_ZFS,192.168.10.2/32
BO1ZFSDBAAS-M203G,Pool-02,/export/DBaaS-Bologna_C2_C1/Jive_ZFS,DBaaS-Bologna_C2_C1,Jive_ZFS,192.168.10.3/32
BO1ZFSDBAAS-M203G,Pool-02,/export/DBaaS-Bologna_C2_C1/Jive_ZFS,DBaaS-Bologna_C2_C1,Jive_ZFS,192.168.10.4/32
BO1ZFSDBAAS-M203G,Pool-02,/export/DBaaS-Bologna_C2_C1/Jive_ZFS,DBaaS-Bologna_C2_C1,Jive_ZFS,10.22.50.39/32
BO1ZFSDBAAS-M203G,Pool-02,/export/DBaaS-Bologna_C2_C1/Jive_ZFS,DBaaS-Bologna_C2_C1,Jive_ZFS,10.22.50.40/32
BO1ZFSDBAAS-M203G,Pool-02,/export/DBaaS-Bologna_C2_C1/MIDA_ZFS,DBaaS-Bologna_C2_C1,MIDA_ZFS,10.242.35.69/26
BO1ZFSDBAAS-M203G,Pool-02,/export/DBaaS-Bologna_C2_C1/OPERA_ZFS,DBaaS-Bologna_C2_C1,OPERA_ZFS,192.168.10.49/32
BO1ZFSDBAAS-M203G,Pool-02,/export/DBaaS-Bologna_C2_C1/OPERA_ZFS,DBaaS-Bologna_C2_C1,OPERA_ZFS,192.168.10.48/32
BO1ZFSDBAAS-M203G,Pool-02,/export/DBaaS-Bologna_C2_C1/OPERA_ZFS,DBaaS-Bologna_C2_C1,OPERA_ZFS,192.168.10.47/32
BO1ZFSDBAAS-M203G,Pool-02,/export/DBaaS-Bologna_C2_C1/OPERA_ZFS,DBaaS-Bologna_C2_C1,OPERA_ZFS,192.168.10.46/32
BO1ZFSDBAAS-M203G,Pool-02,/export/DBaaS-Bologna_C2_C1/OPERA_ZFS,DBaaS-Bologna_C2_C1,OPERA_ZFS,192.168.10.1/32
BO1ZFSDBAAS-M203G,Pool-02,/export/DBaaS-Bologna_C2_C1/OPERA_ZFS,DBaaS-Bologna_C2_C1,OPERA_ZFS,192.168.10.2/32
BO1ZFSDBAAS-M203G,Pool-02,/export/DBaaS-Bologna_C2_C1/OPERA_ZFS,DBaaS-Bologna_C2_C1,OPERA_ZFS,192.168.10.3/32
BO1ZFSDBAAS-M203G,Pool-02,/export/DBaaS-Bologna_C2_C1/OPERA_ZFS,DBaaS-Bologna_C2_C1,OPERA_ZFS,192.168.10.4/32
BO1ZFSDBAAS-M203G,Pool-02,/export/DBaaS-Bologna_C2_C1/OPERA_ZFS,DBaaS-Bologna_C2_C1,OPERA_ZFS,10.22.50.39/32
BO1ZFSDBAAS-M203G,Pool-02,/export/DBaaS-Bologna_C2_C1/OPERA_ZFS,DBaaS-Bologna_C2_C1,OPERA_ZFS,10.22.50.40/32
BO1ZFSDBAAS-M203G,Pool-02,/export/DBaaS-Bologna_C2_C1/SACI_ZFS,DBaaS-Bologna_C2_C1,SACI_ZFS,192.168.10.49/32
BO1ZFSDBAAS-M203G,Pool-02,/export/DBaaS-Bologna_C2_C1/SACI_ZFS,DBaaS-Bologna_C2_C1,SACI_ZFS,192.168.10.48/32
BO1ZFSDBAAS-M203G,Pool-02,/export/DBaaS-Bologna_C2_C1/SACI_ZFS,DBaaS-Bologna_C2_C1,SACI_ZFS,192.168.10.47/32
BO1ZFSDBAAS-M203G,Pool-02,/export/DBaaS-Bologna_C2_C1/SACI_ZFS,DBaaS-Bologna_C2_C1,SACI_ZFS,192.168.10.46/32
BO1ZFSDBAAS-M203G,Pool-02,/export/DBaaS-Bologna_C2_C1/SACI_ZFS,DBaaS-Bologna_C2_C1,SACI_ZFS,10.22.50.40/32
BO1ZFSDBAAS-M203G,Pool-02,/export/DBaaS-Bologna_C2_C1/SACI_ZFS,DBaaS-Bologna_C2_C1,SACI_ZFS,10.22.50.39/32
BO1ZFSDBAAS-M203G,Pool-02,/export/DBaaS-Bologna_C2_C1/SACI_ZFS,DBaaS-Bologna_C2_C1,SACI_ZFS,192.168.10.4/32
BO1ZFSDBAAS-M203G,Pool-02,/export/DBaaS-Bologna_C2_C1/SACI_ZFS,DBaaS-Bologna_C2_C1,SACI_ZFS,192.168.10.3/32
BO1ZFSDBAAS-M203G,Pool-02,/export/DBaaS-Bologna_C2_C1/SACI_ZFS,DBaaS-Bologna_C2_C1,SACI_ZFS,192.168.10.2/32
BO1ZFSDBAAS-M203G,Pool-02,/export/DBaaS-Bologna_C2_C1/SACI_ZFS,DBaaS-Bologna_C2_C1,SACI_ZFS,192.168.10.1/32
BO1ZFSDBAAS-M203G,Pool-02,/export/DBaaS-Bologna_C2_C1/SACI_ZFS,DBaaS-Bologna_C2_C1,SACI_ZFS,10.242.37.5/22
BO1ZFSDBAAS-M203G,Pool-02,/export/DBaaS-Bologna_C2_C1/SACI_ZFS,DBaaS-Bologna_C2_C1,SACI_ZFS,10.22.50.105/16
BO1ZFSDBAAS-M203G,Pool-02,/export/DBaaS-Bologna_C2_C1/SACI_ZFS,DBaaS-Bologna_C2_C1,SACI_ZFS,10.242.37.4/22
BO1ZFSDBAAS-M203G,Pool-02,/export/DBaaS-Bologna_C2_C1/SDU_ZFS,DBaaS-Bologna_C2_C1,SDU_ZFS,192.168.10.46/32
BO1ZFSDBAAS-M203G,Pool-02,/export/DBaaS-Bologna_C2_C1/SDU_ZFS,DBaaS-Bologna_C2_C1,SDU_ZFS,192.168.10.47/32
BO1ZFSDBAAS-M203G,Pool-02,/export/DBaaS-Bologna_C2_C1/SDU_ZFS,DBaaS-Bologna_C2_C1,SDU_ZFS,192.168.10.48/32
BO1ZFSDBAAS-M203G,Pool-02,/export/DBaaS-Bologna_C2_C1/SDU_ZFS,DBaaS-Bologna_C2_C1,SDU_ZFS,192.168.10.49/32
BO1ZFSDBAAS-M203G,Pool-02,/export/DBaaS-Bologna_C2_C1/SDU_ZFS,DBaaS-Bologna_C2_C1,SDU_ZFS,192.168.10.50/32
BO1ZFSDBAAS-M203G,Pool-02,/export/DBaaS-Bologna_C2_C1/SDU_ZFS,DBaaS-Bologna_C2_C1,SDU_ZFS,192.168.10.51/32
BO1ZFSDBAAS-M203G,Pool-02,/export/DBaaS-Bologna_C2_C1/SDU_ZFS,DBaaS-Bologna_C2_C1,SDU_ZFS,192.168.10.52/32
BO1ZFSDBAAS-M203G,Pool-02,/export/DBaaS-Bologna_C2_C1/SDU_ZFS,DBaaS-Bologna_C2_C1,SDU_ZFS,192.168.10.53/32
BO1ZFSDBAAS-M203G,Pool-02,/export/DBaaS-Bologna_C2_C1/SDU_ZFS,DBaaS-Bologna_C2_C1,SDU_ZFS,192.168.10.54/32
BO1ZFSDBAAS-M203G,Pool-02,/export/DBaaS-Bologna_C2_C1/SDU_ZFS,DBaaS-Bologna_C2_C1,SDU_ZFS,192.168.10.55/32
BO1ZFSDBAAS-M203G,Pool-02,/export/DBaaS-Bologna_C2_C1/SDU_ZFS,DBaaS-Bologna_C2_C1,SDU_ZFS,192.168.10.56/32
BO1ZFSDBAAS-M203G,Pool-02,/export/DBaaS-Bologna_C2_C1/SDU_ZFS,DBaaS-Bologna_C2_C1,SDU_ZFS,192.168.10.57/32
BO1ZFSDBAAS-M203G,Pool-02,/export/DBaaS-Bologna_C2_C1/SDU_ZFS,DBaaS-Bologna_C2_C1,SDU_ZFS,10.22.66.9/32
BO1ZFSDBAAS-M203G,Pool-02,/export/DBaaS-Bologna_C2_C1/SDU_ZFS,DBaaS-Bologna_C2_C1,SDU_ZFS,10.22.50.10/32
BO1ZFSDBAAS-M203G,Pool-02,/export/DBaaS-Bologna_C2_C1/SDU_ZFS,DBaaS-Bologna_C2_C1,SDU_ZFS,10.53.91.228/32
BO1ZFSDBAAS-M203G,Pool-02,/export/DBaaS-Bologna_C2_C1/SDU_ZFS,DBaaS-Bologna_C2_C1,SDU_ZFS,192.168.10.1/32
BO1ZFSDBAAS-M203G,Pool-02,/export/DBaaS-Bologna_C2_C1/SDU_ZFS,DBaaS-Bologna_C2_C1,SDU_ZFS,192.168.10.2/32
BO1ZFSDBAAS-M203G,Pool-02,/export/DBaaS-Bologna_C2_C1/SDU_ZFS,DBaaS-Bologna_C2_C1,SDU_ZFS,192.168.10.3/32
BO1ZFSDBAAS-M203G,Pool-02,/export/DBaaS-Bologna_C2_C1/SDU_ZFS,DBaaS-Bologna_C2_C1,SDU_ZFS,192.168.10.4/32
BO1ZFSDBAAS-M203G,Pool-02,/export/DBaaS-Bologna_C2_C1/SDU_ZFS,DBaaS-Bologna_C2_C1,SDU_ZFS,10.22.50.39/32
BO1ZFSDBAAS-M203G,Pool-02,/export/DBaaS-Bologna_C2_C1/SDU_ZFS,DBaaS-Bologna_C2_C1,SDU_ZFS,10.22.50.40/32
BO1ZFSDBAAS-M203G,Pool-02,/export/DBaaS-Bologna_C2_C1/SDU_ZFS_LOGAPPL,DBaaS-Bologna_C2_C1,SDU_ZFS_LOGAPPL,192.168.10.57/32
BO1ZFSDBAAS-M203G,Pool-02,/export/DBaaS-Bologna_C2_C1/SDU_ZFS_LOGAPPL,DBaaS-Bologna_C2_C1,SDU_ZFS_LOGAPPL,192.168.10.46/32
BO1ZFSDBAAS-M203G,Pool-02,/export/DBaaS-Bologna_C2_C1/SDU_ZFS_LOGAPPL,DBaaS-Bologna_C2_C1,SDU_ZFS_LOGAPPL,192.168.10.47/32
BO1ZFSDBAAS-M203G,Pool-02,/export/DBaaS-Bologna_C2_C1/SDU_ZFS_LOGAPPL,DBaaS-Bologna_C2_C1,SDU_ZFS_LOGAPPL,192.168.10.48/32
BO1ZFSDBAAS-M203G,Pool-02,/export/DBaaS-Bologna_C2_C1/SDU_ZFS_LOGAPPL,DBaaS-Bologna_C2_C1,SDU_ZFS_LOGAPPL,192.168.10.49/32
BO1ZFSDBAAS-M203G,Pool-02,/export/DBaaS-Bologna_C2_C1/SDU_ZFS_LOGAPPL,DBaaS-Bologna_C2_C1,SDU_ZFS_LOGAPPL,192.168.10.50/32
BO1ZFSDBAAS-M203G,Pool-02,/export/DBaaS-Bologna_C2_C1/SDU_ZFS_LOGAPPL,DBaaS-Bologna_C2_C1,SDU_ZFS_LOGAPPL,192.168.10.51/32
BO1ZFSDBAAS-M203G,Pool-02,/export/DBaaS-Bologna_C2_C1/SDU_ZFS_LOGAPPL,DBaaS-Bologna_C2_C1,SDU_ZFS_LOGAPPL,192.168.10.52/32
BO1ZFSDBAAS-M203G,Pool-02,/export/DBaaS-Bologna_C2_C1/SDU_ZFS_LOGAPPL,DBaaS-Bologna_C2_C1,SDU_ZFS_LOGAPPL,192.168.10.53/32
BO1ZFSDBAAS-M203G,Pool-02,/export/DBaaS-Bologna_C2_C1/SDU_ZFS_LOGAPPL,DBaaS-Bologna_C2_C1,SDU_ZFS_LOGAPPL,192.168.10.54/32
BO1ZFSDBAAS-M203G,Pool-02,/export/DBaaS-Bologna_C2_C1/SDU_ZFS_LOGAPPL,DBaaS-Bologna_C2_C1,SDU_ZFS_LOGAPPL,192.168.10.55/32
BO1ZFSDBAAS-M203G,Pool-02,/export/DBaaS-Bologna_C2_C1/SDU_ZFS_LOGAPPL,DBaaS-Bologna_C2_C1,SDU_ZFS_LOGAPPL,192.168.10.56/32
BO1ZFSDBAAS-M203G,Pool-02,/export/DBaaS-Bologna_C2_C1/SDU_ZFS_LOGAPPL,DBaaS-Bologna_C2_C1,SDU_ZFS_LOGAPPL,192.168.10.1/32
BO1ZFSDBAAS-M203G,Pool-02,/export/DBaaS-Bologna_C2_C1/SDU_ZFS_LOGAPPL,DBaaS-Bologna_C2_C1,SDU_ZFS_LOGAPPL,192.168.10.2/32
BO1ZFSDBAAS-M203G,Pool-02,/export/DBaaS-Bologna_C2_C1/SDU_ZFS_LOGAPPL,DBaaS-Bologna_C2_C1,SDU_ZFS_LOGAPPL,192.168.10.3/32
BO1ZFSDBAAS-M203G,Pool-02,/export/DBaaS-Bologna_C2_C1/SDU_ZFS_LOGAPPL,DBaaS-Bologna_C2_C1,SDU_ZFS_LOGAPPL,192.168.10.4/32
BO1ZFSDBAAS-M203G,Pool-02,/export/DBaaS-Bologna_C2_C1/SDU_ZFS_LOGAPPL,DBaaS-Bologna_C2_C1,SDU_ZFS_LOGAPPL,10.22.50.39/32
BO1ZFSDBAAS-M203G,Pool-02,/export/DBaaS-Bologna_C2_C1/SDU_ZFS_LOGAPPL,DBaaS-Bologna_C2_C1,SDU_ZFS_LOGAPPL,10.22.50.40/32
BO1ZFSDBAAS-M203G,Pool-02,/export/DBaaS-Bologna_C2_C1/TIM-CO-GUP-ZFS,DBaaS-Bologna_C2_C1,TIM-CO-GUP-ZFS,192.168.10.58/32
BO1ZFSDBAAS-M203G,Pool-02,/export/DBaaS-Bologna_C2_C1/TIM-CO-GUP-ZFS,DBaaS-Bologna_C2_C1,TIM-CO-GUP-ZFS,192.168.10.59/32
BO1ZFSDBAAS-M203G,Pool-02,/export/DBaaS-Bologna_C2_C1/TIM-CO-GUP-ZFS,DBaaS-Bologna_C2_C1,TIM-CO-GUP-ZFS,192.168.10.60/32
BO1ZFSDBAAS-M203G,Pool-02,/export/DBaaS-Bologna_C2_C1/TIM-CO-GUP-ZFS,DBaaS-Bologna_C2_C1,TIM-CO-GUP-ZFS,192.168.10.61/32
BO1ZFSDBAAS-M203G,Pool-02,/export/DBaaS-Bologna_C2_C1/TIM-CO-GUP-ZFS,DBaaS-Bologna_C2_C1,TIM-CO-GUP-ZFS,192.168.10.62/32
BO1ZFSDBAAS-M203G,Pool-02,/export/DBaaS-Bologna_C2_C1/TIM-CO-GUP-ZFS,DBaaS-Bologna_C2_C1,TIM-CO-GUP-ZFS,192.168.10.63/32
BO1ZFSDBAAS-M203G,Pool-02,/export/DBaaS-Bologna_C2_C1/TIM-CO-GUP-ZFS,DBaaS-Bologna_C2_C1,TIM-CO-GUP-ZFS,192.168.10.64/32
BO1ZFSDBAAS-M203G,Pool-02,/export/DBaaS-Bologna_C2_C1/TIM-CO-GUP-ZFS,DBaaS-Bologna_C2_C1,TIM-CO-GUP-ZFS,192.168.10.65/32
BO1ZFSDBAAS-M203G,Pool-02,/export/DBaaS-Bologna_C2_C1/TIM-CO-GUP-ZFS,DBaaS-Bologna_C2_C1,TIM-CO-GUP-ZFS,192.168.10.66/32
BO1ZFSDBAAS-M203G,Pool-02,/export/DBaaS-Bologna_C2_C1/TIM-CO-GUP-ZFS,DBaaS-Bologna_C2_C1,TIM-CO-GUP-ZFS,192.168.10.67/32
BO1ZFSDBAAS-M203G,Pool-02,/export/DBaaS-Bologna_C2_C1/TIM-CO-GUP-ZFS,DBaaS-Bologna_C2_C1,TIM-CO-GUP-ZFS,192.168.10.68/32
BO1ZFSDBAAS-M203G,Pool-02,/export/DBaaS-Bologna_C2_C1/TIM-CO-GUP-ZFS,DBaaS-Bologna_C2_C1,TIM-CO-GUP-ZFS,192.168.10.69/32
BO1ZFSDBAAS-M203G,Pool-02,/export/DBaaS-Bologna_C2_C1/TIM-CO-GUP-ZFS,DBaaS-Bologna_C2_C1,TIM-CO-GUP-ZFS,192.168.10.46/32
BO1ZFSDBAAS-M203G,Pool-02,/export/DBaaS-Bologna_C2_C1/TIM-CO-GUP-ZFS,DBaaS-Bologna_C2_C1,TIM-CO-GUP-ZFS,192.168.10.47/32
BO1ZFSDBAAS-M203G,Pool-02,/export/DBaaS-Bologna_C2_C1/TIM-CO-GUP-ZFS,DBaaS-Bologna_C2_C1,TIM-CO-GUP-ZFS,192.168.10.48/32
BO1ZFSDBAAS-M203G,Pool-02,/export/DBaaS-Bologna_C2_C1/TIM-CO-GUP-ZFS,DBaaS-Bologna_C2_C1,TIM-CO-GUP-ZFS,192.168.10.49/32
BO1ZFSDBAAS-M203G,Pool-02,/export/DBaaS-Bologna_C2_C1/TIM-CO-GUP-ZFS,DBaaS-Bologna_C2_C1,TIM-CO-GUP-ZFS,192.168.10.50/32
BO1ZFSDBAAS-M203G,Pool-02,/export/DBaaS-Bologna_C2_C1/TIM-CO-GUP-ZFS,DBaaS-Bologna_C2_C1,TIM-CO-GUP-ZFS,192.168.10.51/32
BO1ZFSDBAAS-M203G,Pool-02,/export/DBaaS-Bologna_C2_C1/TIM-CO-GUP-ZFS,DBaaS-Bologna_C2_C1,TIM-CO-GUP-ZFS,192.168.10.52/32
BO1ZFSDBAAS-M203G,Pool-02,/export/DBaaS-Bologna_C2_C1/TIM-CO-GUP-ZFS,DBaaS-Bologna_C2_C1,TIM-CO-GUP-ZFS,192.168.10.53/32
BO1ZFSDBAAS-M203G,Pool-02,/export/DBaaS-Bologna_C2_C1/TIM-CO-GUP-ZFS,DBaaS-Bologna_C2_C1,TIM-CO-GUP-ZFS,192.168.10.54/32
BO1ZFSDBAAS-M203G,Pool-02,/export/DBaaS-Bologna_C2_C1/TIM-CO-GUP-ZFS,DBaaS-Bologna_C2_C1,TIM-CO-GUP-ZFS,192.168.10.55/32
BO1ZFSDBAAS-M203G,Pool-02,/export/DBaaS-Bologna_C2_C1/TIM-CO-GUP-ZFS,DBaaS-Bologna_C2_C1,TIM-CO-GUP-ZFS,192.168.10.56/32
BO1ZFSDBAAS-M203G,Pool-02,/export/DBaaS-Bologna_C2_C1/TIM-CO-GUP-ZFS,DBaaS-Bologna_C2_C1,TIM-CO-GUP-ZFS,192.168.10.57/32
BO1ZFSDBAAS-M203G,Pool-02,/export/DBaaS-Bologna_C2_C1/TIM-CO-GUP-ZFS,DBaaS-Bologna_C2_C1,TIM-CO-GUP-ZFS,10.41.127.232/32
BO1ZFSDBAAS-M203G,Pool-02,/export/DBaaS-Bologna_C2_C1/TIM-CO-GUP-ZFS,DBaaS-Bologna_C2_C1,TIM-CO-GUP-ZFS,10.41.127.233/32
BO1ZFSDBAAS-M203G,Pool-02,/export/DBaaS-Bologna_C2_C1/TIM-CO-GUP-ZFS,DBaaS-Bologna_C2_C1,TIM-CO-GUP-ZFS,192.168.10.1/32
BO1ZFSDBAAS-M203G,Pool-02,/export/DBaaS-Bologna_C2_C1/TIM-CO-GUP-ZFS,DBaaS-Bologna_C2_C1,TIM-CO-GUP-ZFS,192.168.10.2/32
BO1ZFSDBAAS-M203G,Pool-02,/export/DBaaS-Bologna_C2_C1/TIM-CO-GUP-ZFS,DBaaS-Bologna_C2_C1,TIM-CO-GUP-ZFS,192.168.10.3/32
BO1ZFSDBAAS-M203G,Pool-02,/export/DBaaS-Bologna_C2_C1/TIM-CO-GUP-ZFS,DBaaS-Bologna_C2_C1,TIM-CO-GUP-ZFS,192.168.10.4/32
BO1ZFSDBAAS-M203G,Pool-02,/export/DBaaS-Bologna_C2_C1/TIM-CO-GUP-ZFS,DBaaS-Bologna_C2_C1,TIM-CO-GUP-ZFS,10.22.50.39/32
BO1ZFSDBAAS-M203G,Pool-02,/export/DBaaS-Bologna_C2_C1/TIM-CO-GUP-ZFS,DBaaS-Bologna_C2_C1,TIM-CO-GUP-ZFS,10.22.50.40/32
BO1ZFSDBAAS-M203G,Pool-02,/export/DBaaS-Bologna_C2_C1/tim-co-gr-ZFS,DBaaS-Bologna_C2_C1,tim-co-gr-ZFS,192.168.10.1/32
BO1ZFSDBAAS-M203G,Pool-02,/export/DBaaS-Bologna_C2_C1/tim-co-gr-ZFS,DBaaS-Bologna_C2_C1,tim-co-gr-ZFS,192.168.10.2/32
BO1ZFSDBAAS-M203G,Pool-02,/export/DBaaS-Bologna_C2_C1/tim-co-gr-ZFS,DBaaS-Bologna_C2_C1,tim-co-gr-ZFS,192.168.10.3/32
BO1ZFSDBAAS-M203G,Pool-02,/export/DBaaS-Bologna_C2_C1/tim-co-gr-ZFS,DBaaS-Bologna_C2_C1,tim-co-gr-ZFS,192.168.10.4/32
BO1ZFSDBAAS-M203G,Pool-02,/export/DBaaS-Bologna_C2_C1/tim-co-gr-ZFS,DBaaS-Bologna_C2_C1,tim-co-gr-ZFS,10.22.50.39/32
BO1ZFSDBAAS-M203G,Pool-02,/export/DBaaS-Bologna_C2_C1/tim-co-gr-ZFS,DBaaS-Bologna_C2_C1,tim-co-gr-ZFS,10.22.50.40/32
BO1ZFSDBAAS-M203G,Pool-02,/export/DBaaS-Bologna_C3/BPME-MM_ZFS,DBaaS-Bologna_C3,BPME-MM_ZFS,192.168.10.65/32
BO1ZFSDBAAS-M203G,Pool-02,/export/DBaaS-Bologna_C3/DBSS-COM_ZFS_LOGAPPL,DBaaS-Bologna_C3,DBSS-COM_ZFS_LOGAPPL,192.168.10.66/32
BO1ZFSDBAAS-M203G,Pool-02,/export/DBaaS-Bologna_C3/DBSS-COM_ZFS_LOGAPPL,DBaaS-Bologna_C3,DBSS-COM_ZFS_LOGAPPL,192.168.10.67/32
BO1ZFSDBAAS-M203G,Pool-02,/export/DBaaS-Bologna_C3/DBSS-COM_ZFS_LOGAPPL,DBaaS-Bologna_C3,DBSS-COM_ZFS_LOGAPPL,192.168.10.68/32
BO1ZFSDBAAS-M203G,Pool-02,/export/DBaaS-Bologna_C3/DBSS-COM_ZFS_LOGAPPL,DBaaS-Bologna_C3,DBSS-COM_ZFS_LOGAPPL,192.168.10.69/32
BO1ZFSDBAAS-M203G,Pool-02,/export/DBaaS-Bologna_C3/DBSS-COM_ZFS_LOGAPPL,DBaaS-Bologna_C3,DBSS-COM_ZFS_LOGAPPL,192.168.10.58/32
BO1ZFSDBAAS-M203G,Pool-02,/export/DBaaS-Bologna_C3/DBSS-COM_ZFS_LOGAPPL,DBaaS-Bologna_C3,DBSS-COM_ZFS_LOGAPPL,192.168.10.59/32
BO1ZFSDBAAS-M203G,Pool-02,/export/DBaaS-Bologna_C3/DBSS-COM_ZFS_LOGAPPL,DBaaS-Bologna_C3,DBSS-COM_ZFS_LOGAPPL,192.168.10.60/32
BO1ZFSDBAAS-M203G,Pool-02,/export/DBaaS-Bologna_C3/DBSS-COM_ZFS_LOGAPPL,DBaaS-Bologna_C3,DBSS-COM_ZFS_LOGAPPL,192.168.10.61/32
BO1ZFSDBAAS-M203G,Pool-02,/export/DBaaS-Bologna_C3/DBSS-COM_ZFS_LOGAPPL,DBaaS-Bologna_C3,DBSS-COM_ZFS_LOGAPPL,192.168.10.62/32
BO1ZFSDBAAS-M203G,Pool-02,/export/DBaaS-Bologna_C3/DBSS-COM_ZFS_LOGAPPL,DBaaS-Bologna_C3,DBSS-COM_ZFS_LOGAPPL,192.168.10.63/32
BO1ZFSDBAAS-M203G,Pool-02,/export/DBaaS-Bologna_C3/DBSS-COM_ZFS_LOGAPPL,DBaaS-Bologna_C3,DBSS-COM_ZFS_LOGAPPL,192.168.10.64/32
BO1ZFSDBAAS-M203G,Pool-02,/export/DBaaS-Bologna_C3/DBSS-COM_ZFS_LOGAPPL,DBaaS-Bologna_C3,DBSS-COM_ZFS_LOGAPPL,192.168.10.65/32
BO1ZFSDBAAS-M203G,Pool-02,/export/DBaaS-Bologna_C3/DBSS-COM_ZFS_LOGAPPL,DBaaS-Bologna_C3,DBSS-COM_ZFS_LOGAPPL,192.168.10.14/32
BO1ZFSDBAAS-M203G,Pool-02,/export/DBaaS-Bologna_C3/DBSS-COM_ZFS_LOGAPPL,DBaaS-Bologna_C3,DBSS-COM_ZFS_LOGAPPL,192.168.10.12/32
BO1ZFSDBAAS-M203G,Pool-02,/export/DBaaS-Bologna_C3/DBSS-COM_ZFS_LOGAPPL,DBaaS-Bologna_C3,DBSS-COM_ZFS_LOGAPPL,192.168.10.13/32
BO1ZFSDBAAS-M203G,Pool-02,/export/DBaaS-Bologna_C3/DBSS-COM_ZFS_LOGAPPL,DBaaS-Bologna_C3,DBSS-COM_ZFS_LOGAPPL,192.168.10.11/32
BO1ZFSDBAAS-M203G,Pool-02,/export/DBaaS-Bologna_C3/DBSS-COM_ZFS_LOGAPPL,DBaaS-Bologna_C3,DBSS-COM_ZFS_LOGAPPL,10.38.21.202/32
BO1ZFSDBAAS-M203G,Pool-02,/export/DBaaS-Bologna_C3/DBSS-COM_ZFS_LOGAPPL,DBaaS-Bologna_C3,DBSS-COM_ZFS_LOGAPPL,10.38.21.203/32
BO1ZFSDBAAS-M203G,Pool-02,/export/DBaaS-Bologna_C3/DWI-CLIENTE-ODS_ZFS,DBaaS-Bologna_C3,DWI-CLIENTE-ODS_ZFS,192.168.10.58/32
BO1ZFSDBAAS-M203G,Pool-02,/export/DBaaS-Bologna_C3/DWI-CLIENTE-ODS_ZFS,DBaaS-Bologna_C3,DWI-CLIENTE-ODS_ZFS,192.168.10.59/32
BO1ZFSDBAAS-M203G,Pool-02,/export/DBaaS-Bologna_C3/DWI-CLIENTE-ODS_ZFS,DBaaS-Bologna_C3,DWI-CLIENTE-ODS_ZFS,192.168.10.60/32
BO1ZFSDBAAS-M203G,Pool-02,/export/DBaaS-Bologna_C3/DWI-CLIENTE-ODS_ZFS,DBaaS-Bologna_C3,DWI-CLIENTE-ODS_ZFS,192.168.10.61/32
BO1ZFSDBAAS-M203G,Pool-02,/export/DBaaS-Bologna_C3/DWI-CLIENTE-ODS_ZFS,DBaaS-Bologna_C3,DWI-CLIENTE-ODS_ZFS,192.168.10.62/32
BO1ZFSDBAAS-M203G,Pool-02,/export/DBaaS-Bologna_C3/DWI-CLIENTE-ODS_ZFS,DBaaS-Bologna_C3,DWI-CLIENTE-ODS_ZFS,192.168.10.63/32
BO1ZFSDBAAS-M203G,Pool-02,/export/DBaaS-Bologna_C3/DWI-CLIENTE-ODS_ZFS,DBaaS-Bologna_C3,DWI-CLIENTE-ODS_ZFS,192.168.10.64/32
BO1ZFSDBAAS-M203G,Pool-02,/export/DBaaS-Bologna_C3/DWI-CLIENTE-ODS_ZFS,DBaaS-Bologna_C3,DWI-CLIENTE-ODS_ZFS,192.168.10.65/32
BO1ZFSDBAAS-M203G,Pool-02,/export/DBaaS-Bologna_C3/DWI-CLIENTE-ODS_ZFS,DBaaS-Bologna_C3,DWI-CLIENTE-ODS_ZFS,192.168.10.14/32
BO1ZFSDBAAS-M203G,Pool-02,/export/DBaaS-Bologna_C3/DWI-CLIENTE-ODS_ZFS,DBaaS-Bologna_C3,DWI-CLIENTE-ODS_ZFS,192.168.10.12/32
BO1ZFSDBAAS-M203G,Pool-02,/export/DBaaS-Bologna_C3/DWI-CLIENTE-ODS_ZFS,DBaaS-Bologna_C3,DWI-CLIENTE-ODS_ZFS,192.168.10.13/32
BO1ZFSDBAAS-M203G,Pool-02,/export/DBaaS-Bologna_C3/DWI-CLIENTE-ODS_ZFS,DBaaS-Bologna_C3,DWI-CLIENTE-ODS_ZFS,192.168.10.11/32
BO1ZFSDBAAS-M203G,Pool-02,/export/DBaaS-Bologna_C3/DWI-CLIENTE-ODS_ZFS,DBaaS-Bologna_C3,DWI-CLIENTE-ODS_ZFS,10.38.21.202/32
BO1ZFSDBAAS-M203G,Pool-02,/export/DBaaS-Bologna_C3/DWI-CLIENTE-ODS_ZFS,DBaaS-Bologna_C3,DWI-CLIENTE-ODS_ZFS,10.38.21.203/32
BO1ZFSDBAAS-M203G,Pool-02,/export/DBaaS-Bologna_C3/EBPF_ZFS,DBaaS-Bologna_C3,EBPF_ZFS,192.168.10.60/32
BO1ZFSDBAAS-M203G,Pool-02,/export/DBaaS-Bologna_C3/EBPF_ZFS,DBaaS-Bologna_C3,EBPF_ZFS,192.168.10.61/32
BO1ZFSDBAAS-M203G,Pool-02,/export/DBaaS-Bologna_C3/EBPF_ZFS,DBaaS-Bologna_C3,EBPF_ZFS,192.168.10.59/32
BO1ZFSDBAAS-M203G,Pool-02,/export/DBaaS-Bologna_C3/EBPF_ZFS,DBaaS-Bologna_C3,EBPF_ZFS,192.168.10.58/32
BO1ZFSDBAAS-M203G,Pool-02,/export/DBaaS-Bologna_C3/EBPF_ZFS,DBaaS-Bologna_C3,EBPF_ZFS,192.168.10.62/32
BO1ZFSDBAAS-M203G,Pool-02,/export/DBaaS-Bologna_C3/EBPF_ZFS,DBaaS-Bologna_C3,EBPF_ZFS,192.168.10.63/32
BO1ZFSDBAAS-M203G,Pool-02,/export/DBaaS-Bologna_C3/EBPF_ZFS,DBaaS-Bologna_C3,EBPF_ZFS,192.168.10.64/32
BO1ZFSDBAAS-M203G,Pool-02,/export/DBaaS-Bologna_C3/EBPF_ZFS,DBaaS-Bologna_C3,EBPF_ZFS,192.168.10.65/32
BO1ZFSDBAAS-M203G,Pool-02,/export/DBaaS-Bologna_C3/EBPF_ZFS,DBaaS-Bologna_C3,EBPF_ZFS,10.22.51.137/32
BO1ZFSDBAAS-M203G,Pool-02,/export/DBaaS-Bologna_C3/EBPF_ZFS,DBaaS-Bologna_C3,EBPF_ZFS,10.22.51.138/32
BO1ZFSDBAAS-M203G,Pool-02,/export/DBaaS-Bologna_C3/EBPF_ZFS,DBaaS-Bologna_C3,EBPF_ZFS,10.22.51.139/32
BO1ZFSDBAAS-M203G,Pool-02,/export/DBaaS-Bologna_C3/EBPF_ZFS,DBaaS-Bologna_C3,EBPF_ZFS,10.22.51.140/32
BO1ZFSDBAAS-M203G,Pool-02,/export/DBaaS-Bologna_C3/EBPF_ZFS,DBaaS-Bologna_C3,EBPF_ZFS,10.22.51.141/32
BO1ZFSDBAAS-M203G,Pool-02,/export/DBaaS-Bologna_C3/EBPF_ZFS,DBaaS-Bologna_C3,EBPF_ZFS,10.22.51.142/32
BO1ZFSDBAAS-M203G,Pool-02,/export/DBaaS-Bologna_C3/EBPF_ZFS,DBaaS-Bologna_C3,EBPF_ZFS,10.22.51.143/32
BO1ZFSDBAAS-M203G,Pool-02,/export/DBaaS-Bologna_C3/EBPF_ZFS,DBaaS-Bologna_C3,EBPF_ZFS,10.22.51.144/32
BO1ZFSDBAAS-M203G,Pool-02,/export/DBaaS-Bologna_C3/EBPF_ZFS,DBaaS-Bologna_C3,EBPF_ZFS,192.168.10.14/32
BO1ZFSDBAAS-M203G,Pool-02,/export/DBaaS-Bologna_C3/EBPF_ZFS,DBaaS-Bologna_C3,EBPF_ZFS,192.168.10.12/32
BO1ZFSDBAAS-M203G,Pool-02,/export/DBaaS-Bologna_C3/EBPF_ZFS,DBaaS-Bologna_C3,EBPF_ZFS,192.168.10.13/32
BO1ZFSDBAAS-M203G,Pool-02,/export/DBaaS-Bologna_C3/EBPF_ZFS,DBaaS-Bologna_C3,EBPF_ZFS,192.168.10.11/32
BO1ZFSDBAAS-M203G,Pool-02,/export/DBaaS-Bologna_C3/EBPF_ZFS,DBaaS-Bologna_C3,EBPF_ZFS,10.38.21.202/32
BO1ZFSDBAAS-M203G,Pool-02,/export/DBaaS-Bologna_C3/EBPF_ZFS,DBaaS-Bologna_C3,EBPF_ZFS,10.38.21.203/32
BO1ZFSDBAAS-M203G,Pool-02,/export/DBaaS-Bologna_C3/GRSI_ZFS_LOGAPPL,DBaaS-Bologna_C3,GRSI_ZFS_LOGAPPL,192.168.10.58/32
BO1ZFSDBAAS-M203G,Pool-02,/export/DBaaS-Bologna_C3/GRSI_ZFS_LOGAPPL,DBaaS-Bologna_C3,GRSI_ZFS_LOGAPPL,192.168.10.59/32
BO1ZFSDBAAS-M203G,Pool-02,/export/DBaaS-Bologna_C3/GRSI_ZFS_LOGAPPL,DBaaS-Bologna_C3,GRSI_ZFS_LOGAPPL,192.168.10.60/32
BO1ZFSDBAAS-M203G,Pool-02,/export/DBaaS-Bologna_C3/GRSI_ZFS_LOGAPPL,DBaaS-Bologna_C3,GRSI_ZFS_LOGAPPL,192.168.10.61/32
BO1ZFSDBAAS-M203G,Pool-02,/export/DBaaS-Bologna_C3/GRSI_ZFS_LOGAPPL,DBaaS-Bologna_C3,GRSI_ZFS_LOGAPPL,192.168.10.62/32
BO1ZFSDBAAS-M203G,Pool-02,/export/DBaaS-Bologna_C3/GRSI_ZFS_LOGAPPL,DBaaS-Bologna_C3,GRSI_ZFS_LOGAPPL,192.168.10.63/32
BO1ZFSDBAAS-M203G,Pool-02,/export/DBaaS-Bologna_C3/GRSI_ZFS_LOGAPPL,DBaaS-Bologna_C3,GRSI_ZFS_LOGAPPL,192.168.10.64/32
BO1ZFSDBAAS-M203G,Pool-02,/export/DBaaS-Bologna_C3/GRSI_ZFS_LOGAPPL,DBaaS-Bologna_C3,GRSI_ZFS_LOGAPPL,192.168.10.65/32
BO1ZFSDBAAS-M203G,Pool-02,/export/DBaaS-Bologna_C3/GRSI_ZFS_LOGAPPL,DBaaS-Bologna_C3,GRSI_ZFS_LOGAPPL,192.168.10.14/32
BO1ZFSDBAAS-M203G,Pool-02,/export/DBaaS-Bologna_C3/GRSI_ZFS_LOGAPPL,DBaaS-Bologna_C3,GRSI_ZFS_LOGAPPL,192.168.10.12/32
BO1ZFSDBAAS-M203G,Pool-02,/export/DBaaS-Bologna_C3/GRSI_ZFS_LOGAPPL,DBaaS-Bologna_C3,GRSI_ZFS_LOGAPPL,192.168.10.13/32
BO1ZFSDBAAS-M203G,Pool-02,/export/DBaaS-Bologna_C3/GRSI_ZFS_LOGAPPL,DBaaS-Bologna_C3,GRSI_ZFS_LOGAPPL,192.168.10.11/32
BO1ZFSDBAAS-M203G,Pool-02,/export/DBaaS-Bologna_C3/GRSI_ZFS_LOGAPPL,DBaaS-Bologna_C3,GRSI_ZFS_LOGAPPL,10.38.21.202/32
BO1ZFSDBAAS-M203G,Pool-02,/export/DBaaS-Bologna_C3/GRSI_ZFS_LOGAPPL,DBaaS-Bologna_C3,GRSI_ZFS_LOGAPPL,10.38.21.203/32
BO1ZFSDBAAS-M203G,Pool-02,/export/DBaaS-Bologna_C3/MTPN-NEW_ZFS_1,DBaaS-Bologna_C3,MTPN-NEW_ZFS_1,192.168.10.58/32
BO1ZFSDBAAS-M203G,Pool-02,/export/DBaaS-Bologna_C3/MTPN-NEW_ZFS_1,DBaaS-Bologna_C3,MTPN-NEW_ZFS_1,192.168.10.59/32
BO1ZFSDBAAS-M203G,Pool-02,/export/DBaaS-Bologna_C3/MTPN-NEW_ZFS_1,DBaaS-Bologna_C3,MTPN-NEW_ZFS_1,192.168.10.60/32
BO1ZFSDBAAS-M203G,Pool-02,/export/DBaaS-Bologna_C3/MTPN-NEW_ZFS_1,DBaaS-Bologna_C3,MTPN-NEW_ZFS_1,192.168.10.61/32
BO1ZFSDBAAS-M203G,Pool-02,/export/DBaaS-Bologna_C3/MTPN-NEW_ZFS_1,DBaaS-Bologna_C3,MTPN-NEW_ZFS_1,192.168.10.62/32
BO1ZFSDBAAS-M203G,Pool-02,/export/DBaaS-Bologna_C3/MTPN-NEW_ZFS_1,DBaaS-Bologna_C3,MTPN-NEW_ZFS_1,192.168.10.63/32
BO1ZFSDBAAS-M203G,Pool-02,/export/DBaaS-Bologna_C3/MTPN-NEW_ZFS_1,DBaaS-Bologna_C3,MTPN-NEW_ZFS_1,192.168.10.64/32
BO1ZFSDBAAS-M203G,Pool-02,/export/DBaaS-Bologna_C3/MTPN-NEW_ZFS_1,DBaaS-Bologna_C3,MTPN-NEW_ZFS_1,192.168.10.65/32
BO1ZFSDBAAS-M203G,Pool-02,/export/DBaaS-Bologna_C3/MTPN-NEW_ZFS_1,DBaaS-Bologna_C3,MTPN-NEW_ZFS_1,10.242.34.151/32
BO1ZFSDBAAS-M203G,Pool-02,/export/DBaaS-Bologna_C3/MTPN-NEW_ZFS_1,DBaaS-Bologna_C3,MTPN-NEW_ZFS_1,192.168.10.14/32
BO1ZFSDBAAS-M203G,Pool-02,/export/DBaaS-Bologna_C3/MTPN-NEW_ZFS_1,DBaaS-Bologna_C3,MTPN-NEW_ZFS_1,192.168.10.12/32
BO1ZFSDBAAS-M203G,Pool-02,/export/DBaaS-Bologna_C3/MTPN-NEW_ZFS_1,DBaaS-Bologna_C3,MTPN-NEW_ZFS_1,192.168.10.13/32
BO1ZFSDBAAS-M203G,Pool-02,/export/DBaaS-Bologna_C3/MTPN-NEW_ZFS_1,DBaaS-Bologna_C3,MTPN-NEW_ZFS_1,192.168.10.11/32
BO1ZFSDBAAS-M203G,Pool-02,/export/DBaaS-Bologna_C3/MTPN-NEW_ZFS_2,DBaaS-Bologna_C3,MTPN-NEW_ZFS_2,192.168.10.58/32
BO1ZFSDBAAS-M203G,Pool-02,/export/DBaaS-Bologna_C3/MTPN-NEW_ZFS_2,DBaaS-Bologna_C3,MTPN-NEW_ZFS_2,192.168.10.59/32
BO1ZFSDBAAS-M203G,Pool-02,/export/DBaaS-Bologna_C3/MTPN-NEW_ZFS_2,DBaaS-Bologna_C3,MTPN-NEW_ZFS_2,192.168.10.60/32
BO1ZFSDBAAS-M203G,Pool-02,/export/DBaaS-Bologna_C3/MTPN-NEW_ZFS_2,DBaaS-Bologna_C3,MTPN-NEW_ZFS_2,192.168.10.61/32
BO1ZFSDBAAS-M203G,Pool-02,/export/DBaaS-Bologna_C3/MTPN-NEW_ZFS_2,DBaaS-Bologna_C3,MTPN-NEW_ZFS_2,192.168.10.62/32
BO1ZFSDBAAS-M203G,Pool-02,/export/DBaaS-Bologna_C3/MTPN-NEW_ZFS_2,DBaaS-Bologna_C3,MTPN-NEW_ZFS_2,192.168.10.63/32
BO1ZFSDBAAS-M203G,Pool-02,/export/DBaaS-Bologna_C3/MTPN-NEW_ZFS_2,DBaaS-Bologna_C3,MTPN-NEW_ZFS_2,192.168.10.64/32
BO1ZFSDBAAS-M203G,Pool-02,/export/DBaaS-Bologna_C3/MTPN-NEW_ZFS_2,DBaaS-Bologna_C3,MTPN-NEW_ZFS_2,192.168.10.65/32
BO1ZFSDBAAS-M203G,Pool-02,/export/DBaaS-Bologna_C3/MTPN-NEW_ZFS_2,DBaaS-Bologna_C3,MTPN-NEW_ZFS_2,10.242.34.151/32
BO1ZFSDBAAS-M203G,Pool-02,/export/DBaaS-Bologna_C3/MTPN-NEW_ZFS_2,DBaaS-Bologna_C3,MTPN-NEW_ZFS_2,192.168.10.14/32
BO1ZFSDBAAS-M203G,Pool-02,/export/DBaaS-Bologna_C3/MTPN-NEW_ZFS_2,DBaaS-Bologna_C3,MTPN-NEW_ZFS_2,192.168.10.12/32
BO1ZFSDBAAS-M203G,Pool-02,/export/DBaaS-Bologna_C3/MTPN-NEW_ZFS_2,DBaaS-Bologna_C3,MTPN-NEW_ZFS_2,192.168.10.13/32
BO1ZFSDBAAS-M203G,Pool-02,/export/DBaaS-Bologna_C3/MTPN-NEW_ZFS_2,DBaaS-Bologna_C3,MTPN-NEW_ZFS_2,192.168.10.11/32
BO1ZFSDBAAS-M203G,Pool-02,/export/DBaaS-Bologna_C3/MTPN-NEW_ZFS_3,DBaaS-Bologna_C3,MTPN-NEW_ZFS_3,192.168.10.58/32
BO1ZFSDBAAS-M203G,Pool-02,/export/DBaaS-Bologna_C3/MTPN-NEW_ZFS_3,DBaaS-Bologna_C3,MTPN-NEW_ZFS_3,192.168.10.59/32
BO1ZFSDBAAS-M203G,Pool-02,/export/DBaaS-Bologna_C3/MTPN-NEW_ZFS_3,DBaaS-Bologna_C3,MTPN-NEW_ZFS_3,192.168.10.60/32
BO1ZFSDBAAS-M203G,Pool-02,/export/DBaaS-Bologna_C3/MTPN-NEW_ZFS_3,DBaaS-Bologna_C3,MTPN-NEW_ZFS_3,192.168.10.61/32
BO1ZFSDBAAS-M203G,Pool-02,/export/DBaaS-Bologna_C3/MTPN-NEW_ZFS_3,DBaaS-Bologna_C3,MTPN-NEW_ZFS_3,192.168.10.62/32
BO1ZFSDBAAS-M203G,Pool-02,/export/DBaaS-Bologna_C3/MTPN-NEW_ZFS_3,DBaaS-Bologna_C3,MTPN-NEW_ZFS_3,192.168.10.63/32
BO1ZFSDBAAS-M203G,Pool-02,/export/DBaaS-Bologna_C3/MTPN-NEW_ZFS_3,DBaaS-Bologna_C3,MTPN-NEW_ZFS_3,192.168.10.64/32
BO1ZFSDBAAS-M203G,Pool-02,/export/DBaaS-Bologna_C3/MTPN-NEW_ZFS_3,DBaaS-Bologna_C3,MTPN-NEW_ZFS_3,192.168.10.65/32
BO1ZFSDBAAS-M203G,Pool-02,/export/DBaaS-Bologna_C3/MTPN-NEW_ZFS_3,DBaaS-Bologna_C3,MTPN-NEW_ZFS_3,10.242.34.151/26
BO1ZFSDBAAS-M203G,Pool-02,/export/DBaaS-Bologna_C3/MTPN-NEW_ZFS_3,DBaaS-Bologna_C3,MTPN-NEW_ZFS_3,10.38.21.202/32
BO1ZFSDBAAS-M203G,Pool-02,/export/DBaaS-Bologna_C3/MTPN-NEW_ZFS_3,DBaaS-Bologna_C3,MTPN-NEW_ZFS_3,10.38.21.203/32
BO1ZFSDBAAS-M203G,Pool-02,/export/DBaaS-Bologna_C3/MTPN-NEW_ZFS_3,DBaaS-Bologna_C3,MTPN-NEW_ZFS_3,192.168.10.14/32
BO1ZFSDBAAS-M203G,Pool-02,/export/DBaaS-Bologna_C3/MTPN-NEW_ZFS_3,DBaaS-Bologna_C3,MTPN-NEW_ZFS_3,192.168.10.13/32
BO1ZFSDBAAS-M203G,Pool-02,/export/DBaaS-Bologna_C3/MTPN-NEW_ZFS_3,DBaaS-Bologna_C3,MTPN-NEW_ZFS_3,192.168.10.12/32
BO1ZFSDBAAS-M203G,Pool-02,/export/DBaaS-Bologna_C3/MTPN-NEW_ZFS_3,DBaaS-Bologna_C3,MTPN-NEW_ZFS_3,192.168.10.11/32
BO1ZFSDBAAS-M203G,Pool-02,/export/DBaaS-Bologna_C3/MTPN-NEW_ZFS_LOGAPPL,DBaaS-Bologna_C3,MTPN-NEW_ZFS_LOGAPPL,192.168.10.58/32
BO1ZFSDBAAS-M203G,Pool-02,/export/DBaaS-Bologna_C3/MTPN-NEW_ZFS_LOGAPPL,DBaaS-Bologna_C3,MTPN-NEW_ZFS_LOGAPPL,192.168.10.59/32
BO1ZFSDBAAS-M203G,Pool-02,/export/DBaaS-Bologna_C3/MTPN-NEW_ZFS_LOGAPPL,DBaaS-Bologna_C3,MTPN-NEW_ZFS_LOGAPPL,192.168.10.60/32
BO1ZFSDBAAS-M203G,Pool-02,/export/DBaaS-Bologna_C3/MTPN-NEW_ZFS_LOGAPPL,DBaaS-Bologna_C3,MTPN-NEW_ZFS_LOGAPPL,192.168.10.61/32
BO1ZFSDBAAS-M203G,Pool-02,/export/DBaaS-Bologna_C3/MTPN-NEW_ZFS_LOGAPPL,DBaaS-Bologna_C3,MTPN-NEW_ZFS_LOGAPPL,192.168.10.62/32
BO1ZFSDBAAS-M203G,Pool-02,/export/DBaaS-Bologna_C3/MTPN-NEW_ZFS_LOGAPPL,DBaaS-Bologna_C3,MTPN-NEW_ZFS_LOGAPPL,192.168.10.63/32
BO1ZFSDBAAS-M203G,Pool-02,/export/DBaaS-Bologna_C3/MTPN-NEW_ZFS_LOGAPPL,DBaaS-Bologna_C3,MTPN-NEW_ZFS_LOGAPPL,192.168.10.64/32
BO1ZFSDBAAS-M203G,Pool-02,/export/DBaaS-Bologna_C3/MTPN-NEW_ZFS_LOGAPPL,DBaaS-Bologna_C3,MTPN-NEW_ZFS_LOGAPPL,192.168.10.65/32
BO1ZFSDBAAS-M203G,Pool-02,/export/DBaaS-Bologna_C3/MTPN-NEW_ZFS_LOGAPPL,DBaaS-Bologna_C3,MTPN-NEW_ZFS_LOGAPPL,10.242.34.151/26
BO1ZFSDBAAS-M203G,Pool-02,/export/DBaaS-Bologna_C3/MTPN-NEW_ZFS_LOGAPPL,DBaaS-Bologna_C3,MTPN-NEW_ZFS_LOGAPPL,192.168.10.14/32
BO1ZFSDBAAS-M203G,Pool-02,/export/DBaaS-Bologna_C3/MTPN-NEW_ZFS_LOGAPPL,DBaaS-Bologna_C3,MTPN-NEW_ZFS_LOGAPPL,192.168.10.12/32
BO1ZFSDBAAS-M203G,Pool-02,/export/DBaaS-Bologna_C3/MTPN-NEW_ZFS_LOGAPPL,DBaaS-Bologna_C3,MTPN-NEW_ZFS_LOGAPPL,192.168.10.13/32
BO1ZFSDBAAS-M203G,Pool-02,/export/DBaaS-Bologna_C3/MTPN-NEW_ZFS_LOGAPPL,DBaaS-Bologna_C3,MTPN-NEW_ZFS_LOGAPPL,192.168.10.11/32
BO1ZFSDBAAS-M203G,Pool-02,/export/DBaaS-Bologna_C3/PATROCLO_ZFS,DBaaS-Bologna_C3,PATROCLO_ZFS,192.168.10.58/32
BO1ZFSDBAAS-M203G,Pool-02,/export/DBaaS-Bologna_C3/PATROCLO_ZFS,DBaaS-Bologna_C3,PATROCLO_ZFS,192.168.10.59/32
BO1ZFSDBAAS-M203G,Pool-02,/export/DBaaS-Bologna_C3/PATROCLO_ZFS,DBaaS-Bologna_C3,PATROCLO_ZFS,192.168.10.60/32
BO1ZFSDBAAS-M203G,Pool-02,/export/DBaaS-Bologna_C3/PATROCLO_ZFS,DBaaS-Bologna_C3,PATROCLO_ZFS,192.168.10.61/32
BO1ZFSDBAAS-M203G,Pool-02,/export/DBaaS-Bologna_C3/PATROCLO_ZFS,DBaaS-Bologna_C3,PATROCLO_ZFS,192.168.10.62/32
BO1ZFSDBAAS-M203G,Pool-02,/export/DBaaS-Bologna_C3/PATROCLO_ZFS,DBaaS-Bologna_C3,PATROCLO_ZFS,192.168.10.63/32
BO1ZFSDBAAS-M203G,Pool-02,/export/DBaaS-Bologna_C3/PATROCLO_ZFS,DBaaS-Bologna_C3,PATROCLO_ZFS,192.168.10.64/32
BO1ZFSDBAAS-M203G,Pool-02,/export/DBaaS-Bologna_C3/PATROCLO_ZFS,DBaaS-Bologna_C3,PATROCLO_ZFS,192.168.10.65/32
BO1ZFSDBAAS-M203G,Pool-02,/export/DBaaS-Bologna_C3/PATROCLO_ZFS,DBaaS-Bologna_C3,PATROCLO_ZFS,192.168.10.49/32
BO1ZFSDBAAS-M203G,Pool-02,/export/DBaaS-Bologna_C3/PATROCLO_ZFS,DBaaS-Bologna_C3,PATROCLO_ZFS,192.168.10.48/32
BO1ZFSDBAAS-M203G,Pool-02,/export/DBaaS-Bologna_C3/PATROCLO_ZFS,DBaaS-Bologna_C3,PATROCLO_ZFS,192.168.10.47/32
BO1ZFSDBAAS-M203G,Pool-02,/export/DBaaS-Bologna_C3/PATROCLO_ZFS,DBaaS-Bologna_C3,PATROCLO_ZFS,192.168.10.46/32
BO1ZFSDBAAS-M203G,Pool-02,/export/DBaaS-Bologna_C3/PATROCLO_ZFS,DBaaS-Bologna_C3,PATROCLO_ZFS,192.168.10.14/32
BO1ZFSDBAAS-M203G,Pool-02,/export/DBaaS-Bologna_C3/PATROCLO_ZFS,DBaaS-Bologna_C3,PATROCLO_ZFS,192.168.10.12/32
BO1ZFSDBAAS-M203G,Pool-02,/export/DBaaS-Bologna_C3/PATROCLO_ZFS,DBaaS-Bologna_C3,PATROCLO_ZFS,192.168.10.13/32
BO1ZFSDBAAS-M203G,Pool-02,/export/DBaaS-Bologna_C3/PATROCLO_ZFS,DBaaS-Bologna_C3,PATROCLO_ZFS,192.168.10.11/32
BO1ZFSDBAAS-M203G,Pool-02,/export/DBaaS-Bologna_C3/PATROCLO_ZFS,DBaaS-Bologna_C3,PATROCLO_ZFS,10.38.21.202/32
BO1ZFSDBAAS-M203G,Pool-02,/export/DBaaS-Bologna_C3/PATROCLO_ZFS,DBaaS-Bologna_C3,PATROCLO_ZFS,10.38.21.203/32
BO1ZFSDBAAS-M203G,Pool-02,/export/DBaaS-Bologna_C3/PLTNEW-OTM_ZFS_1,DBaaS-Bologna_C3,PLTNEW-OTM_ZFS_1,192.168.10.58/32
BO1ZFSDBAAS-M203G,Pool-02,/export/DBaaS-Bologna_C3/PLTNEW-OTM_ZFS_1,DBaaS-Bologna_C3,PLTNEW-OTM_ZFS_1,192.168.10.59/32
BO1ZFSDBAAS-M203G,Pool-02,/export/DBaaS-Bologna_C3/PLTNEW-OTM_ZFS_1,DBaaS-Bologna_C3,PLTNEW-OTM_ZFS_1,192.168.10.60/32
BO1ZFSDBAAS-M203G,Pool-02,/export/DBaaS-Bologna_C3/PLTNEW-OTM_ZFS_1,DBaaS-Bologna_C3,PLTNEW-OTM_ZFS_1,192.168.10.61/32
BO1ZFSDBAAS-M203G,Pool-02,/export/DBaaS-Bologna_C3/PLTNEW-OTM_ZFS_1,DBaaS-Bologna_C3,PLTNEW-OTM_ZFS_1,192.168.10.62/32
BO1ZFSDBAAS-M203G,Pool-02,/export/DBaaS-Bologna_C3/PLTNEW-OTM_ZFS_1,DBaaS-Bologna_C3,PLTNEW-OTM_ZFS_1,192.168.10.63/32
BO1ZFSDBAAS-M203G,Pool-02,/export/DBaaS-Bologna_C3/PLTNEW-OTM_ZFS_1,DBaaS-Bologna_C3,PLTNEW-OTM_ZFS_1,192.168.10.64/32
BO1ZFSDBAAS-M203G,Pool-02,/export/DBaaS-Bologna_C3/PLTNEW-OTM_ZFS_1,DBaaS-Bologna_C3,PLTNEW-OTM_ZFS_1,192.168.10.65/32
BO1ZFSDBAAS-M203G,Pool-02,/export/DBaaS-Bologna_C3/PLTNEW-OTM_ZFS_1,DBaaS-Bologna_C3,PLTNEW-OTM_ZFS_1,10.37.14.197/32
BO1ZFSDBAAS-M203G,Pool-02,/export/DBaaS-Bologna_C3/PLTNEW-OTM_ZFS_1,DBaaS-Bologna_C3,PLTNEW-OTM_ZFS_1,10.37.14.196/32
BO1ZFSDBAAS-M203G,Pool-02,/export/DBaaS-Bologna_C3/PLTNEW-OTM_ZFS_1,DBaaS-Bologna_C3,PLTNEW-OTM_ZFS_1,10.242.34.133/32
BO1ZFSDBAAS-M203G,Pool-02,/export/DBaaS-Bologna_C3/PLTNEW-OTM_ZFS_1,DBaaS-Bologna_C3,PLTNEW-OTM_ZFS_1,192.168.10.14/32
BO1ZFSDBAAS-M203G,Pool-02,/export/DBaaS-Bologna_C3/PLTNEW-OTM_ZFS_1,DBaaS-Bologna_C3,PLTNEW-OTM_ZFS_1,192.168.10.12/32
BO1ZFSDBAAS-M203G,Pool-02,/export/DBaaS-Bologna_C3/PLTNEW-OTM_ZFS_1,DBaaS-Bologna_C3,PLTNEW-OTM_ZFS_1,192.168.10.13/32
BO1ZFSDBAAS-M203G,Pool-02,/export/DBaaS-Bologna_C3/PLTNEW-OTM_ZFS_1,DBaaS-Bologna_C3,PLTNEW-OTM_ZFS_1,192.168.10.11/32
BO1ZFSDBAAS-M203G,Pool-02,/export/DBaaS-Bologna_C3/PLTNEW-OT_ZFS_1,DBaaS-Bologna_C3,PLTNEW-OT_ZFS_1,192.168.10.58/32
BO1ZFSDBAAS-M203G,Pool-02,/export/DBaaS-Bologna_C3/PLTNEW-OT_ZFS_1,DBaaS-Bologna_C3,PLTNEW-OT_ZFS_1,192.168.10.59/32
BO1ZFSDBAAS-M203G,Pool-02,/export/DBaaS-Bologna_C3/PLTNEW-OT_ZFS_1,DBaaS-Bologna_C3,PLTNEW-OT_ZFS_1,192.168.10.60/32
BO1ZFSDBAAS-M203G,Pool-02,/export/DBaaS-Bologna_C3/PLTNEW-OT_ZFS_1,DBaaS-Bologna_C3,PLTNEW-OT_ZFS_1,192.168.10.61/32
BO1ZFSDBAAS-M203G,Pool-02,/export/DBaaS-Bologna_C3/PLTNEW-OT_ZFS_1,DBaaS-Bologna_C3,PLTNEW-OT_ZFS_1,192.168.10.62/32
BO1ZFSDBAAS-M203G,Pool-02,/export/DBaaS-Bologna_C3/PLTNEW-OT_ZFS_1,DBaaS-Bologna_C3,PLTNEW-OT_ZFS_1,192.168.10.63/32
BO1ZFSDBAAS-M203G,Pool-02,/export/DBaaS-Bologna_C3/PLTNEW-OT_ZFS_1,DBaaS-Bologna_C3,PLTNEW-OT_ZFS_1,192.168.10.64/32
BO1ZFSDBAAS-M203G,Pool-02,/export/DBaaS-Bologna_C3/PLTNEW-OT_ZFS_1,DBaaS-Bologna_C3,PLTNEW-OT_ZFS_1,192.168.10.65/32
BO1ZFSDBAAS-M203G,Pool-02,/export/DBaaS-Bologna_C3/PLTNEW-OT_ZFS_1,DBaaS-Bologna_C3,PLTNEW-OT_ZFS_1,10.242.34.132/32
BO1ZFSDBAAS-M203G,Pool-02,/export/DBaaS-Bologna_C3/PLTNEW-OT_ZFS_1,DBaaS-Bologna_C3,PLTNEW-OT_ZFS_1,192.168.10.14/32
BO1ZFSDBAAS-M203G,Pool-02,/export/DBaaS-Bologna_C3/PLTNEW-OT_ZFS_1,DBaaS-Bologna_C3,PLTNEW-OT_ZFS_1,192.168.10.12/32
BO1ZFSDBAAS-M203G,Pool-02,/export/DBaaS-Bologna_C3/PLTNEW-OT_ZFS_1,DBaaS-Bologna_C3,PLTNEW-OT_ZFS_1,192.168.10.13/32
BO1ZFSDBAAS-M203G,Pool-02,/export/DBaaS-Bologna_C3/PLTNEW-OT_ZFS_1,DBaaS-Bologna_C3,PLTNEW-OT_ZFS_1,192.168.10.11/32
BO1ZFSDBAAS-M203G,Pool-02,/export/DBaaS-Bologna_C3/Post_Processing_ZFS,DBaaS-Bologna_C3,Post_Processing_ZFS,192.168.10.58/32
BO1ZFSDBAAS-M203G,Pool-02,/export/DBaaS-Bologna_C3/Post_Processing_ZFS,DBaaS-Bologna_C3,Post_Processing_ZFS,192.168.10.59/32
BO1ZFSDBAAS-M203G,Pool-02,/export/DBaaS-Bologna_C3/Post_Processing_ZFS,DBaaS-Bologna_C3,Post_Processing_ZFS,192.168.10.60/32
BO1ZFSDBAAS-M203G,Pool-02,/export/DBaaS-Bologna_C3/Post_Processing_ZFS,DBaaS-Bologna_C3,Post_Processing_ZFS,192.168.10.61/32
BO1ZFSDBAAS-M203G,Pool-02,/export/DBaaS-Bologna_C3/Post_Processing_ZFS,DBaaS-Bologna_C3,Post_Processing_ZFS,192.168.10.62/32
BO1ZFSDBAAS-M203G,Pool-02,/export/DBaaS-Bologna_C3/Post_Processing_ZFS,DBaaS-Bologna_C3,Post_Processing_ZFS,192.168.10.63/32
BO1ZFSDBAAS-M203G,Pool-02,/export/DBaaS-Bologna_C3/Post_Processing_ZFS,DBaaS-Bologna_C3,Post_Processing_ZFS,192.168.10.64/32
BO1ZFSDBAAS-M203G,Pool-02,/export/DBaaS-Bologna_C3/Post_Processing_ZFS,DBaaS-Bologna_C3,Post_Processing_ZFS,192.168.10.65/32
BO1ZFSDBAAS-M203G,Pool-02,/export/DBaaS-Bologna_C3/Post_Processing_ZFS,DBaaS-Bologna_C3,Post_Processing_ZFS,10.22.51.232/28
BO1ZFSDBAAS-M203G,Pool-02,/export/DBaaS-Bologna_C3/Post_Processing_ZFS,DBaaS-Bologna_C3,Post_Processing_ZFS,10.22.51.231/28
BO1ZFSDBAAS-M203G,Pool-02,/export/DBaaS-Bologna_C3/Post_Processing_ZFS,DBaaS-Bologna_C3,Post_Processing_ZFS,10.22.51.230/28
BO1ZFSDBAAS-M203G,Pool-02,/export/DBaaS-Bologna_C3/Post_Processing_ZFS,DBaaS-Bologna_C3,Post_Processing_ZFS,10.22.51.229/28
BO1ZFSDBAAS-M203G,Pool-02,/export/DBaaS-Bologna_C3/Post_Processing_ZFS,DBaaS-Bologna_C3,Post_Processing_ZFS,192.168.10.14/32
BO1ZFSDBAAS-M203G,Pool-02,/export/DBaaS-Bologna_C3/Post_Processing_ZFS,DBaaS-Bologna_C3,Post_Processing_ZFS,192.168.10.12/32
BO1ZFSDBAAS-M203G,Pool-02,/export/DBaaS-Bologna_C3/Post_Processing_ZFS,DBaaS-Bologna_C3,Post_Processing_ZFS,192.168.10.13/32
BO1ZFSDBAAS-M203G,Pool-02,/export/DBaaS-Bologna_C3/Post_Processing_ZFS,DBaaS-Bologna_C3,Post_Processing_ZFS,192.168.10.11/32
BO1ZFSDBAAS-M203G,Pool-02,/export/DBaaS-Bologna_C3/Post_Processing_ZFS,DBaaS-Bologna_C3,Post_Processing_ZFS,10.38.21.202/32
BO1ZFSDBAAS-M203G,Pool-02,/export/DBaaS-Bologna_C3/Post_Processing_ZFS,DBaaS-Bologna_C3,Post_Processing_ZFS,10.38.21.203/32
BO1ZFSDBAAS-M203G,Pool-02,/export/DBaaS-Bologna_C3/TPWEB_ZFS,DBaaS-Bologna_C3,TPWEB_ZFS,192.168.10.58/32
BO1ZFSDBAAS-M203G,Pool-02,/export/DBaaS-Bologna_C3/TPWEB_ZFS,DBaaS-Bologna_C3,TPWEB_ZFS,192.168.10.59/32
BO1ZFSDBAAS-M203G,Pool-02,/export/DBaaS-Bologna_C3/TPWEB_ZFS,DBaaS-Bologna_C3,TPWEB_ZFS,192.168.10.60/32
BO1ZFSDBAAS-M203G,Pool-02,/export/DBaaS-Bologna_C3/TPWEB_ZFS,DBaaS-Bologna_C3,TPWEB_ZFS,192.168.10.61/32
BO1ZFSDBAAS-M203G,Pool-02,/export/DBaaS-Bologna_C3/TPWEB_ZFS,DBaaS-Bologna_C3,TPWEB_ZFS,192.168.10.62/32
BO1ZFSDBAAS-M203G,Pool-02,/export/DBaaS-Bologna_C3/TPWEB_ZFS,DBaaS-Bologna_C3,TPWEB_ZFS,192.168.10.63/32
BO1ZFSDBAAS-M203G,Pool-02,/export/DBaaS-Bologna_C3/TPWEB_ZFS,DBaaS-Bologna_C3,TPWEB_ZFS,192.168.10.64/32
BO1ZFSDBAAS-M203G,Pool-02,/export/DBaaS-Bologna_C3/TPWEB_ZFS,DBaaS-Bologna_C3,TPWEB_ZFS,192.168.10.65/32
BO1ZFSDBAAS-M203G,Pool-02,/export/DBaaS-Bologna_C3/TPWEB_ZFS,DBaaS-Bologna_C3,TPWEB_ZFS,10.38.46.48/28
BO1ZFSDBAAS-M203G,Pool-02,/export/DBaaS-Bologna_C3/TPWEB_ZFS,DBaaS-Bologna_C3,TPWEB_ZFS,10.242.40.100/32
BO1ZFSDBAAS-M203G,Pool-02,/export/DBaaS-Bologna_C3/TPWEB_ZFS,DBaaS-Bologna_C3,TPWEB_ZFS,192.168.10.14/32
BO1ZFSDBAAS-M203G,Pool-02,/export/DBaaS-Bologna_C3/TPWEB_ZFS,DBaaS-Bologna_C3,TPWEB_ZFS,192.168.10.12/32
BO1ZFSDBAAS-M203G,Pool-02,/export/DBaaS-Bologna_C3/TPWEB_ZFS,DBaaS-Bologna_C3,TPWEB_ZFS,192.168.10.13/32
BO1ZFSDBAAS-M203G,Pool-02,/export/DBaaS-Bologna_C3/TPWEB_ZFS,DBaaS-Bologna_C3,TPWEB_ZFS,192.168.10.11/32
BO1ZFSDBAAS-M203G,Pool-02,/export/DBaaS-Bologna_LOGAPPL_C1C2/CARMINE_ZFS_LOGAPPL,DBaaS-Bologna_LOGAPPL_C1C2,CARMINE_ZFS_LOGAPPL,192.168.10.46/32:
BO1ZFSDBAAS-M203G,Pool-02,/export/DBaaS-Bologna_LOGAPPL_C1C2/CCSTOP_ZFS_LOGAPPL,DBaaS-Bologna_LOGAPPL_C1C2,CCSTOP_ZFS_LOGAPPL,192.168.10.46/32:
BO1ZFSDBAAS-M203G,Pool-02,/export/DBaaS-Bologna_LOGAPPL_C1C2/CRPM_ZFS_LOGAPPL,DBaaS-Bologna_LOGAPPL_C1C2,CRPM_ZFS_LOGAPPL,192.168.10.57/32:
BO1ZFSDBAAS-M203G,Pool-02,/export/DBaaS-Bologna_LOGAPPL_C1C2/ELOGS_ZFS_LOGAPPL,DBaaS-Bologna_LOGAPPL_C1C2,ELOGS_ZFS_LOGAPPL,192.168.10.57/32:
BO1ZFSDBAAS-M203G,Pool-02,/export/DBaaS-Bologna_LOGAPPL_C1C2/FAS_ZFS_LOGAPPL,DBaaS-Bologna_LOGAPPL_C1C2,FAS_ZFS_LOGAPPL,192.168.10.46/32:
BO1ZFSDBAAS-M203G,Pool-02,/export/DBaaS-Bologna_LOGAPPL_C1C2/GCV_ZFS_LOGAPPL,DBaaS-Bologna_LOGAPPL_C1C2,GCV_ZFS_LOGAPPL,192.168.10.57/32:
BO1ZFSDBAAS-M203G,Pool-02,/export/DBaaS-Bologna_LOGAPPL_C1C2/GEBP_ZFS_LOGAPPL,DBaaS-Bologna_LOGAPPL_C1C2,GEBP_ZFS_LOGAPPL,192.168.10.57/32:
BO1ZFSDBAAS-M203G,Pool-02,/export/DBaaS-Bologna_LOGAPPL_C1C2/GIAPV_ZFS_LOGAPPL,DBaaS-Bologna_LOGAPPL_C1C2,GIAPV_ZFS_LOGAPPL,192.168.10.57/32:
BO1ZFSDBAAS-M203G,Pool-02,/export/DBaaS-Bologna_LOGAPPL_C1C2/ITSM_ZFS_LOGAPPL,DBaaS-Bologna_LOGAPPL_C1C2,ITSM_ZFS_LOGAPPL,192.168.10.46/32:
BO1ZFSDBAAS-M203G,Pool-02,/export/DBaaS-Bologna_LOGAPPL_C1C2/MIDA_ZFS_LOGAPPL,DBaaS-Bologna_LOGAPPL_C1C2,MIDA_ZFS_LOGAPPL,192.168.10.57/32:
BO1ZFSDBAAS-M203G,Pool-02,/export/DBaaS-Bologna_LOGAPPL_C1C2/OPERA_ZFS_LOGAPPL,DBaaS-Bologna_LOGAPPL_C1C2,OPERA_ZFS_LOGAPPL,192.168.10.46/32:
BO1ZFSDBAAS-M203G,Pool-02,/export/DBaaS-Bologna_LOGAPPL_C1C2/SACI_ZFS_LOGAPPL,DBaaS-Bologna_LOGAPPL_C1C2,SACI_ZFS_LOGAPPL,192.168.10.57/32:
BO1ZFSDBAAS-M203G,Pool-02,/export/DBaaS-Bologna_LOGAPPL_C1C2/SITEPST_ZFS_LOGAPPL,DBaaS-Bologna_LOGAPPL_C1C2,SITEPST_ZFS_LOGAPPL,10.22.50.40/32
BO1ZFSDBAAS-M203G,Pool-02,/export/DBaaS-Bologna_LOGAPPL_C1C2/SORT_ZFS_LOGAPPL,DBaaS-Bologna_LOGAPPL_C1C2,SORT_ZFS_LOGAPPL,192.168.10.46/32:
BO1ZFSDBAAS-M203G,Pool-02,/export/DBaaS-Bologna_LOGAPPL_C3/BPM-ENTERPRISE_ZFS_LOGAPPL,DBaaS-Bologna_LOGAPPL_C3,BPM-ENTERPRISE_ZFS_LOGAPPL,192.168.10.58/32:
BO1ZFSDBAAS-M203G,Pool-02,/export/DBaaS-Bologna_LOGAPPL_C3/DATA_MASK_ZFS_LOGAPPL,DBaaS-Bologna_LOGAPPL_C3,DATA_MASK_ZFS_LOGAPPL,192.168.10.58/32:
BO1ZFSDBAAS-M203G,Pool-02,/export/DBaaS-Bologna_LOGAPPL_C3/DWI-CLIENTE-ODS_ZFS_LOGAPPL,DBaaS-Bologna_LOGAPPL_C3,DWI-CLIENTE-ODS_ZFS_LOGAPPL,192.168.10.58/32:
BO1ZFSDBAAS-M203G,Pool-02,/export/DBaaS-Bologna_LOGAPPL_C3/E-FOUNDATION_ZFS_LOGAPPL,DBaaS-Bologna_LOGAPPL_C3,E-FOUNDATION_ZFS_LOGAPPL,192.168.10.11/32:
BO1ZFSDBAAS-M203G,Pool-02,/export/DBaaS-Bologna_LOGAPPL_C3/EBPFA_ZFS,DBaaS-Bologna_LOGAPPL_C3,EBPFA_ZFS,192.168.10.58/32:
BO1ZFSDBAAS-M203G,Pool-02,/export/DBaaS-Bologna_LOGAPPL_C3/EBPFA_ZFS_LOGAPPL,DBaaS-Bologna_LOGAPPL_C3,EBPFA_ZFS_LOGAPPL,192.168.10.61/32:
BO1ZFSDBAAS-M203G,Pool-02,/export/DBaaS-Bologna_LOGAPPL_C3/EBPF_ZFS_LOGAPPL,DBaaS-Bologna_LOGAPPL_C3,EBPF_ZFS_LOGAPPL,192.168.10.58/32:
BO1ZFSDBAAS-M203G,Pool-02,/export/DBaaS-Bologna_LOGAPPL_C3/MAT_ZFS_LOGAPPL,DBaaS-Bologna_LOGAPPL_C3,MAT_ZFS_LOGAPPL,192.168.10.58/32:
BO1ZFSDBAAS-M203G,Pool-02,/export/DBaaS-Bologna_LOGAPPL_C3/PATROCLO_ZFS_LOGAPPL,DBaaS-Bologna_LOGAPPL_C3,PATROCLO_ZFS_LOGAPPL,192.168.10.11/32:
BO1ZFSDBAAS-M203G,Pool-02,/export/DBaaS-Bologna_LOGAPPL_C3/PLTNEW-OTM_ZFS_LOGAPPL,DBaaS-Bologna_LOGAPPL_C3,PLTNEW-OTM_ZFS_LOGAPPL,192.168.10.58/32:
BO1ZFSDBAAS-M203G,Pool-02,/export/DBaaS-Bologna_LOGAPPL_C3/PLTNEW-OT_ZFS_LOGAPPL,DBaaS-Bologna_LOGAPPL_C3,PLTNEW-OT_ZFS_LOGAPPL,192.168.10.58/32:
BO1ZFSDBAAS-M203G,Pool-02,/export/DBaaS-Bologna_LOGAPPL_C3/PRES-NEXT_ZFS_LOGAPPL,DBaaS-Bologna_LOGAPPL_C3,PRES-NEXT_ZFS_LOGAPPL,192.168.10.58/32:
BO1ZFSDBAAS-M203G,Pool-02,/export/DBaaS-Bologna_LOGAPPL_C3/PRESB-NEXT_ZFS_LOGAPPL,DBaaS-Bologna_LOGAPPL_C3,PRESB-NEXT_ZFS_LOGAPPL,192.168.10.11/32:
BO1ZFSDBAAS-M203G,Pool-02,/export/DBaaS-Bologna_LOGAPPL_C3/Post_Processing_TWS_ZFS_LOGAPPL,DBaaS-Bologna_LOGAPPL_C3,Post_Processing_TWS_ZFS_LOGAPPL,192.168.10.58/32
BO1ZFSDBAAS-M203G,Pool-02,/export/DBaaS-Bologna_LOGAPPL_C3/Post_Processing_TWS_ZFS_LOGAPPL,DBaaS-Bologna_LOGAPPL_C3,Post_Processing_TWS_ZFS_LOGAPPL,192.168.10.59/32
BO1ZFSDBAAS-M203G,Pool-02,/export/DBaaS-Bologna_LOGAPPL_C3/Post_Processing_TWS_ZFS_LOGAPPL,DBaaS-Bologna_LOGAPPL_C3,Post_Processing_TWS_ZFS_LOGAPPL,192.168.10.60/32
BO1ZFSDBAAS-M203G,Pool-02,/export/DBaaS-Bologna_LOGAPPL_C3/Post_Processing_TWS_ZFS_LOGAPPL,DBaaS-Bologna_LOGAPPL_C3,Post_Processing_TWS_ZFS_LOGAPPL,192.168.10.61/32
BO1ZFSDBAAS-M203G,Pool-02,/export/DBaaS-Bologna_LOGAPPL_C3/Post_Processing_TWS_ZFS_LOGAPPL,DBaaS-Bologna_LOGAPPL_C3,Post_Processing_TWS_ZFS_LOGAPPL,192.168.10.62/32
BO1ZFSDBAAS-M203G,Pool-02,/export/DBaaS-Bologna_LOGAPPL_C3/Post_Processing_TWS_ZFS_LOGAPPL,DBaaS-Bologna_LOGAPPL_C3,Post_Processing_TWS_ZFS_LOGAPPL,192.168.10.63/32
BO1ZFSDBAAS-M203G,Pool-02,/export/DBaaS-Bologna_LOGAPPL_C3/Post_Processing_TWS_ZFS_LOGAPPL,DBaaS-Bologna_LOGAPPL_C3,Post_Processing_TWS_ZFS_LOGAPPL,192.168.10.64/32
BO1ZFSDBAAS-M203G,Pool-02,/export/DBaaS-Bologna_LOGAPPL_C3/Post_Processing_TWS_ZFS_LOGAPPL,DBaaS-Bologna_LOGAPPL_C3,Post_Processing_TWS_ZFS_LOGAPPL,192.168.10.65/32
BO1ZFSDBAAS-M203G,Pool-02,/export/DBaaS-Bologna_LOGAPPL_C3/Post_Processing_TWS_ZFS_LOGAPPL,DBaaS-Bologna_LOGAPPL_C3,Post_Processing_TWS_ZFS_LOGAPPL,192.168.10.14/32
BO1ZFSDBAAS-M203G,Pool-02,/export/DBaaS-Bologna_LOGAPPL_C3/Post_Processing_TWS_ZFS_LOGAPPL,DBaaS-Bologna_LOGAPPL_C3,Post_Processing_TWS_ZFS_LOGAPPL,192.168.10.13/32
BO1ZFSDBAAS-M203G,Pool-02,/export/DBaaS-Bologna_LOGAPPL_C3/Post_Processing_TWS_ZFS_LOGAPPL,DBaaS-Bologna_LOGAPPL_C3,Post_Processing_TWS_ZFS_LOGAPPL,192.168.10.12/32
BO1ZFSDBAAS-M203G,Pool-02,/export/DBaaS-Bologna_LOGAPPL_C3/Post_Processing_TWS_ZFS_LOGAPPL,DBaaS-Bologna_LOGAPPL_C3,Post_Processing_TWS_ZFS_LOGAPPL,192.168.10.11/32
BO1ZFSDBAAS-M203G,Pool-02,/export/DBaaS-Bologna_LOGAPPL_C3/TPWEB_ZFS_LOGAPPL,DBaaS-Bologna_LOGAPPL_C3,TPWEB_ZFS_LOGAPPL,192.168.10.58/32:
BO1ZFSDBAAS-M203G,Pool-02,/export/LOG_ZFS/LOGAPPL_C2-C1_ZFS_etrust,LOG_ZFS,LOGAPPL_C2-C1_ZFS_etrust,192.168.10.46/32
BO1ZFSDBAAS-M203G,Pool-02,/export/LOG_ZFS/LOGAPPL_C2-C1_ZFS_etrust,LOG_ZFS,LOGAPPL_C2-C1_ZFS_etrust,192.168.10.47/32
BO1ZFSDBAAS-M203G,Pool-02,/export/LOG_ZFS/LOGAPPL_C2-C1_ZFS_etrust,LOG_ZFS,LOGAPPL_C2-C1_ZFS_etrust,192.168.10.48/32
BO1ZFSDBAAS-M203G,Pool-02,/export/LOG_ZFS/LOGAPPL_C2-C1_ZFS_etrust,LOG_ZFS,LOGAPPL_C2-C1_ZFS_etrust,192.168.10.49/32
BO1ZFSDBAAS-M203G,Pool-02,/export/LOG_ZFS/LOGAPPL_C2-C1_ZFS_etrust,LOG_ZFS,LOGAPPL_C2-C1_ZFS_etrust,10.22.50.39/32
BO1ZFSDBAAS-M203G,Pool-02,/export/LOG_ZFS/LOGAPPL_C2-C1_ZFS_etrust,LOG_ZFS,LOGAPPL_C2-C1_ZFS_etrust,10.22.50.40/32
BO1ZFSDBAAS-M203G,Pool-02,/export/LOG_ZFS/LOGAPPL_C2-C1_ZFS_etrust,LOG_ZFS,LOGAPPL_C2-C1_ZFS_etrust,192.168.10.2/22
BO1ZFSDBAAS-M203G,Pool-02,/export/LOG_ZFS/LOGAPPL_C2-C1_ZFS_etrust,LOG_ZFS,LOGAPPL_C2-C1_ZFS_etrust,192.168.10.4/22
BO1ZFSDBAAS-M203G,Pool-02,/export/LOG_ZFS/LOGAPPL_C2-C1_ZFS_etrust,LOG_ZFS,LOGAPPL_C2-C1_ZFS_etrust,192.168.10.3/22
BO1ZFSDBAAS-M203G,Pool-02,/export/LOG_ZFS/LOGAPPL_C2-C1_ZFS_etrust,LOG_ZFS,LOGAPPL_C2-C1_ZFS_etrust,192.168.10.1/22
BO1ZFSDBAAS-M203G,Pool-02,/export/LOG_ZFS/LOGAPPL_C2-C1_ZFS_old,LOG_ZFS,LOGAPPL_C2-C1_ZFS_old,192.168.10.46/32
BO1ZFSDBAAS-M203G,Pool-02,/export/LOG_ZFS/LOGAPPL_C2-C1_ZFS_old,LOG_ZFS,LOGAPPL_C2-C1_ZFS_old,192.168.10.47/32
BO1ZFSDBAAS-M203G,Pool-02,/export/LOG_ZFS/LOGAPPL_C2-C1_ZFS_old,LOG_ZFS,LOGAPPL_C2-C1_ZFS_old,192.168.10.48/32
BO1ZFSDBAAS-M203G,Pool-02,/export/LOG_ZFS/LOGAPPL_C2-C1_ZFS_old,LOG_ZFS,LOGAPPL_C2-C1_ZFS_old,192.168.10.49/32
BO1ZFSDBAAS-M203G,Pool-02,/export/LOG_ZFS/LOGAPPL_C2-C1_ZFS_old,LOG_ZFS,LOGAPPL_C2-C1_ZFS_old,10.22.50.39/32
BO1ZFSDBAAS-M203G,Pool-02,/export/LOG_ZFS/LOGAPPL_C2-C1_ZFS_old,LOG_ZFS,LOGAPPL_C2-C1_ZFS_old,10.22.50.40/32
BO1ZFSDBAAS-M203G,Pool-02,/export/LOG_ZFS/LOGAPPL_C2-C1_ZFS_old,LOG_ZFS,LOGAPPL_C2-C1_ZFS_old,192.168.10.4/22
BO1ZFSDBAAS-M203G,Pool-02,/export/LOG_ZFS/LOGAPPL_C2-C1_ZFS_old,LOG_ZFS,LOGAPPL_C2-C1_ZFS_old,192.168.10.2/22
BO1ZFSDBAAS-M203G,Pool-02,/export/LOG_ZFS/LOGAPPL_C2-C1_ZFS_old,LOG_ZFS,LOGAPPL_C2-C1_ZFS_old,192.168.10.3/22
BO1ZFSDBAAS-M203G,Pool-02,/export/LOG_ZFS/LOGAPPL_C2-C1_ZFS_old,LOG_ZFS,LOGAPPL_C2-C1_ZFS_old,192.168.10.1/22
BO1ZFSDBAAS-M203G,Pool-02,/export/LOG_ZFS/LOGAPPL_C3_ZFS_etrust,LOG_ZFS,LOGAPPL_C3_ZFS_etrust,192.168.10.58/32
BO1ZFSDBAAS-M203G,Pool-02,/export/LOG_ZFS/LOGAPPL_C3_ZFS_etrust,LOG_ZFS,LOGAPPL_C3_ZFS_etrust,192.168.10.59/32
BO1ZFSDBAAS-M203G,Pool-02,/export/LOG_ZFS/LOGAPPL_C3_ZFS_etrust,LOG_ZFS,LOGAPPL_C3_ZFS_etrust,192.168.10.60/32
BO1ZFSDBAAS-M203G,Pool-02,/export/LOG_ZFS/LOGAPPL_C3_ZFS_etrust,LOG_ZFS,LOGAPPL_C3_ZFS_etrust,192.168.10.61/32
BO1ZFSDBAAS-M203G,Pool-02,/export/LOG_ZFS/LOGAPPL_C3_ZFS_etrust,LOG_ZFS,LOGAPPL_C3_ZFS_etrust,192.168.10.62/32
BO1ZFSDBAAS-M203G,Pool-02,/export/LOG_ZFS/LOGAPPL_C3_ZFS_etrust,LOG_ZFS,LOGAPPL_C3_ZFS_etrust,192.168.10.63/32
BO1ZFSDBAAS-M203G,Pool-02,/export/LOG_ZFS/LOGAPPL_C3_ZFS_etrust,LOG_ZFS,LOGAPPL_C3_ZFS_etrust,192.168.10.64/32
BO1ZFSDBAAS-M203G,Pool-02,/export/LOG_ZFS/LOGAPPL_C3_ZFS_etrust,LOG_ZFS,LOGAPPL_C3_ZFS_etrust,192.168.10.65/32
BO1ZFSDBAAS-M203G,Pool-02,/export/LOG_ZFS/LOGAPPL_C3_ZFS_etrust,LOG_ZFS,LOGAPPL_C3_ZFS_etrust,10.38.21.203/32
BO1ZFSDBAAS-M203G,Pool-02,/export/LOG_ZFS/LOGAPPL_C3_ZFS_etrust,LOG_ZFS,LOGAPPL_C3_ZFS_etrust,10.38.21.202/32
BO1ZFSDBAAS-M203G,Pool-02,/export/LOG_ZFS/LOGAPPL_C3_ZFS_etrust,LOG_ZFS,LOGAPPL_C3_ZFS_etrust,192.168.10.11/22
BO1ZFSDBAAS-M203G,Pool-02,/export/LOG_ZFS/LOGAPPL_C3_ZFS_etrust,LOG_ZFS,LOGAPPL_C3_ZFS_etrust,192.168.10.12/22
BO1ZFSDBAAS-M203G,Pool-02,/export/LOG_ZFS/LOGAPPL_C3_ZFS_etrust,LOG_ZFS,LOGAPPL_C3_ZFS_etrust,192.168.10.13/22
BO1ZFSDBAAS-M203G,Pool-02,/export/LOG_ZFS/LOGAPPL_C3_ZFS_etrust,LOG_ZFS,LOGAPPL_C3_ZFS_etrust,192.168.10.14/22
BO1ZFSDBAAS-M203G,Pool-02,/export/LOG_ZFS/LOGAPPL_C3_ZFS_old,LOG_ZFS,LOGAPPL_C3_ZFS_old,192.168.10.58/32
BO1ZFSDBAAS-M203G,Pool-02,/export/LOG_ZFS/LOGAPPL_C3_ZFS_old,LOG_ZFS,LOGAPPL_C3_ZFS_old,192.168.10.59/32
BO1ZFSDBAAS-M203G,Pool-02,/export/LOG_ZFS/LOGAPPL_C3_ZFS_old,LOG_ZFS,LOGAPPL_C3_ZFS_old,192.168.10.60/32
BO1ZFSDBAAS-M203G,Pool-02,/export/LOG_ZFS/LOGAPPL_C3_ZFS_old,LOG_ZFS,LOGAPPL_C3_ZFS_old,192.168.10.61/32
BO1ZFSDBAAS-M203G,Pool-02,/export/LOG_ZFS/LOGAPPL_C3_ZFS_old,LOG_ZFS,LOGAPPL_C3_ZFS_old,192.168.10.62/32
BO1ZFSDBAAS-M203G,Pool-02,/export/LOG_ZFS/LOGAPPL_C3_ZFS_old,LOG_ZFS,LOGAPPL_C3_ZFS_old,192.168.10.63/32
BO1ZFSDBAAS-M203G,Pool-02,/export/LOG_ZFS/LOGAPPL_C3_ZFS_old,LOG_ZFS,LOGAPPL_C3_ZFS_old,192.168.10.64/32
BO1ZFSDBAAS-M203G,Pool-02,/export/LOG_ZFS/LOGAPPL_C3_ZFS_old,LOG_ZFS,LOGAPPL_C3_ZFS_old,192.168.10.65/32
BO1ZFSDBAAS-M203G,Pool-02,/export/LOG_ZFS/LOGAPPL_C3_ZFS_old,LOG_ZFS,LOGAPPL_C3_ZFS_old,10.38.21.203/32
BO1ZFSDBAAS-M203G,Pool-02,/export/LOG_ZFS/LOGAPPL_C3_ZFS_old,LOG_ZFS,LOGAPPL_C3_ZFS_old,10.38.21.202/32
BO1ZFSDBAAS-M203G,Pool-02,/export/LOG_ZFS/LOGAPPL_C3_ZFS_old,LOG_ZFS,LOGAPPL_C3_ZFS_old,192.168.10.14/22
BO1ZFSDBAAS-M203G,Pool-02,/export/LOG_ZFS/LOGAPPL_C3_ZFS_old,LOG_ZFS,LOGAPPL_C3_ZFS_old,192.168.10.13/22
BO1ZFSDBAAS-M203G,Pool-02,/export/LOG_ZFS/LOGAPPL_C3_ZFS_old,LOG_ZFS,LOGAPPL_C3_ZFS_old,192.168.10.11/22
BO1ZFSDBAAS-M203G,Pool-02,/export/LOG_ZFS/LOGAPPL_C3_ZFS_old,LOG_ZFS,LOGAPPL_C3_ZFS_old,192.168.10.12/22
BO1ZFSDBAAS-M203G,Pool-02,/export/LOG_ZFS/LOG_ORACLE_C2-C1_ZFS,LOG_ZFS,LOG_ORACLE_C2-C1_ZFS,192.168.10.46/32:
BO1ZFSDBAAS-M203G,Pool-02,/export/LOG_ZFS/LOG_ORACLE_C3_ZFS,LOG_ZFS,LOG_ORACLE_C3_ZFS,192.168.10.58/32:
BO1ZFSDBAAS-M203G,Pool-02,/export/dbm01/backup2,dbm01,backup2,192.168.10.1/22
BO1ZFSDBAAS-M203G,Pool-02,/export/dbm01/backup2,dbm01,backup2,192.168.10.3/22